# gpu    pwr  gtemp  mtemp     sm    mem    enc    dec    jpg    ofa   mclk   pclk  pviol  tviol     fb   bar1   ccpm  rxpci  txpci
# Idx      W      C      C      %      %      %      %      %      %    MHz    MHz      %   bool     MB     MB     MB   MB/s   MB/s
    0    252     67      -    100     65      0      0      0      0  14801   2197     92      0  15251  16355      -     28      7
    0    251     67      -    100     65      0      0      0      0  14801   2137     89      0  15251  16355      -     14     17
    0    252     68      -    100     65      0      0      0      0  14801   2070     87      0  15251  16355      -     21      5
    0    252     66      -    100     64      0      0      0      0  14801   2077     88      0  15251  16355      -     20      6
    0    250     67      -     98     67      0      0      0      0  14801   2092     87      0  15251  16355      -     21      5
    0    252     66      -     98     65      0      0      0      0  14801   2115     90      0  15251  16355      -     36     13
    0    251     73      -    100      2      0      0      0      0  14801   2557    100      0  15251  16355      -     15      6
    0    251     73      -    100      2      0      0      0      0  14801   2565     88      0  15251  16355      -     20      6
    0    254     74      -    100      2      0      0      0      0  14801   2572     85      0  15251  16355      -     22      6
    0    250     74      -    100      2      0      0      0      0  14801   2557     88      0  15251  16355      -     23      5
    0    249     73      -    100     11      0      0      0      0  14801   2520     88      0  15251  16355      -     15      6
    0    251     69      -    100     36      0      0      0      0  14801   2430     86      0  15251  16355      -     15      6
    0    252     68      -    100     60      0      0      0      0  14801   2347     90      0  15251  16355      -     38      6
    0    250     66      -    100     64      0      0      0      0  14801   2265     92      0  15251  16355      -     47      7
    0    244     66      -    100     65      0      0      0      0  14801   2205     82      0  15251  16355      -     48     17
    0    256     67      -    100     65      0      0      0      0  14801   2070     83      0  15251  16355      -     28     28
    0    252     73      -    100      2      0      0      0      0  14801   2535    100      0  15251  16355      -     14     44
    0    251     72      -    100      2      0      0      0      0  14801   2550     88      0  15251  16355      -     32     22
    0    251     72      -    100      2      0      0      0      0  14801   2550     87      0  15251  16355      -     26     63
    0    253     73      -    100      2      0      0      0      0  14801   2557     87      0  15251  16355      -     48     13
    0    251     74      -    100      2      0      0      0      0  14801   2565     85      0  15251  16355      -     16     20
    0    239     74      -    100      2      0      0      0      0  14801   2565     76      0  15251  16355      -     43     13
    0    258     73      -    100      4      0      0      0      0  14801   2557     96      0  15251  16355      -     35      6
    0    254     73      -    100      8      0      0      0      0  14801   2520     87      0  15251  16355      -     33     12
    0    251     70      -    100     34      0      0      0      0  14801   2437     87      0  15251  16355      -     13      6
    0    251     69      -    100     40      0      0      0      0  14801   2220    100      0  15251  16355      -     13      6
    0    252     72      -    100      7      0      0      0      0  14801   2272     87      0  15251  16355      -     23      6
    0    252     73      -    100      1      0      0      0      0  14801   2332     87      0  15251  16355      -     33      6
    0    251     73      -    100      2      0      0      0      0  14801   2482     86      0  15251  16355      -     24     18
    0    248     73      -    100      1      0      0      0      0  14801   2550     74      0  15251  16355      -     48      5
    0    254     74      -    100      2      0      0      0      0  14801   2572     89      0  15251  16355      -     16     29
    0    250     74      -    100      2      0      0      0      0  14801   2557     88      0  15251  16355      -     22     27
    0    247     70      -    100     33      0      0      0      0  14801   2422     85      0  15251  16355      -     13      7
    0    244     66      -    100     65      0      0      0      0  14801   2310     86      0  15251  16355      -     20      6
    0    254     67      -    100     65      0      0      0      0  14801   2122     89      0  15251  16355      -     20      6
    0    251     73      -    100      2      0      0      0      0  14801   2475    100      0  15251  16355      -     14      5
    0    252     73      -    100      2      0      0      0      0  14801   2542     85      0  15251  16355      -     27      6
    0    251     73      -    100      2      0      0      0      0  14801   2557     88      0  15251  16355      -     27      6
    0    251     74      -    100      2      0      0      0      0  14801   2572     86      0  15251  16355      -     20      6
    0    249     72      -    100      2      0      0      0      0  14801   2557     85      0  15251  16355      -     14      6
    0    253     72      -    100     22      0      0      0      0  14801   2482     86      0  15251  16355      -     26      8
    0    250     67      -    100     56      0      0      0      0  14801   2377     90      0  15251  16355      -     80      5
    0    254     68      -    100     65      0      0      0      0  14801   2190     94      0  15251  16355      -     23      6
    0    251     68      -    100     65      0      0      0      0  14801   2100     89      0  15251  16355      -     20      5
# gpu    pwr  gtemp  mtemp     sm    mem    enc    dec    jpg    ofa   mclk   pclk  pviol  tviol     fb   bar1   ccpm  rxpci  txpci
# Idx      W      C      C      %      %      %      %      %      %    MHz    MHz      %   bool     MB     MB     MB   MB/s   MB/s
    0    250     66      -     98     66      0      0      0      0  14801   2115     86      0  15251  16355      -     10      8
    0    251     73      -    100      2      0      0      0      0  14801   2550    100      0  15251  16355      -     13      6
    0    252     73      -    100      2      0      0      0      0  14801   2557     87      0  15251  16355      -     20      7
    0    244     74      -    100      2      0      0      0      0  14801   2572     76      0  15251  16355      -     20      5
    0    253     74      -    100      3      0      0      0      0  14801   2557     93      0  15251  16355      -     10      7
    0    253     73      -    100     15      0      0      0      0  14801   2520     86      0  15251  16355      -     14      5
    0    251     69      -    100     39      0      0      0      0  14801   2430     88      0  15251  16355      -     14      6
    0    250     68      -    100     65      0      0      0      0  14801   2310     90      0  15251  16355      -     24     19
    0    250     67      -    100     65      0      0      0      0  14801   2265     92      0  15251  16355      -     16      7
    0    252     66      -    100     65      0      0      0      0  14801   2227     90      0  15251  16355      -     14      8
    0    250     66      -    100     65      0      0      0      0  14801   2167     88      0  15251  16355      -     33      6
    0    251     72      -    100      2      0      0      0      0  14801   2415    100      0  15251  16355      -     20     27
    0    252     73      -    100      2      0      0      0      0  14801   2475     88      0  15251  16355      -     29     26
    0    252     73      -    100      2      0      0      0      0  14801   2527     86      0  15251  16355      -     78     20
    0    251     72      -    100      2      0      0      0      0  14801   2550     85      0  15251  16355      -     85     14
    0    251     73      -    100      2      0      0      0      0  14801   2557     90      0  15251  16355      -     29      6
    0    253     74      -    100      2      0      0      0      0  14801   2572     87      0  15251  16355      -     23      5
    0    250     74      -    100      2      0      0      0      0  14801   2572     88      0  15251  16355      -     16      6
    0    250     74      -    100      3      0      0      0      0  14801   2557     87      0  15251  16355      -     31      5
    0    253     73      -    100     16      0      0      0      0  14801   2520     88      0  15251  16355      -     15      5
    0    241     67      -    100     65      0      0      0      0  14801   2460     78      0  15251  16355      -     38      6
    0    252     72      -    100      3      0      0      0      0  14801   2302    100      0  15251  16355      -     13     16
    0    251     72      -    100      2      0      0      0      0  14801   2362     88      0  15251  16355      -     31      5
    0    252     72      -    100      2      0      0      0      0  14801   2385     88      0  15251  16355      -     17     20
    0    252     73      -    100      2      0      0      0      0  14801   2430     89      0  15251  16355      -     30     11
    0    251     73      -    100      2      0      0      0      0  14801   2467     85      0  15251  16355      -     67     12
    0    252     73      -    100      2      0      0      0      0  14801   2505     88      0  15251  16355      -     43     35
    0    245     74      -    100      2      0      0      0      0  14801   2557     73      0  15251  16355      -     19     42
    0    256     73      -    100      2      0      0      0      0  14801   2557     96      0  15251  16355      -     15     72
    0    251     73      -    100      2      0      0      0      0  14801   2565     88      0  15251  16355      -     25     24
    0    254     74      -    100      2      0      0      0      0  14801   2572     87      0  15251  16355      -     20      9
    0    251     68      -    100     66      0      0      0      0  14801   2227    100      0  15251  16355      -     34     26
    0    251     68      -    100     69      0      0      0      0  14801   2197     85      0  15251  16355      -     21     28
    0    252     69      -    100     44      0      0      0      0  14801   2197     86      0  15251  16355      -     19     11
    0    251     71      -    100     16      0      0      0      0  14801   2325     83      0  15251  16355      -     45     30
    0    249     73      -    100      2      0      0      0      0  14801   2467     73      0  15251  16355      -     38      4
    0    251     73      -    100      2      0      0      0      0  14801   2535     90      0  15251  16355      -     20      7
    0    251     72      -    100      2      0      0      0      0  14801   2565     85      0  15251  16355      -     59      6
    0    252     74      -    100      2      0      0      0      0  14801   2572     85      0  15251  16355      -     41      6
    0    239     70      -    100     34      0      0      0      0  14801   2542     76      0  15251  16355      -     19      6
    0    253     67      -    100     54      0      0      0      0  14801   2370     96      0  15251  16355      -     22     21
    0    252     72      -    100      2      0      0      0      0  14801   2332    100      0  15251  16355      -     15     18
    0    252     72      -    100      2      0      0      0      0  14801   2400     86      0  15251  16355      -     14     11
    0    252     72      -    100      2      0      0      0      0  14801   2497     86      0  15251  16355      -     30      5
# gpu    pwr  gtemp  mtemp     sm    mem    enc    dec    jpg    ofa   mclk   pclk  pviol  tviol     fb   bar1   ccpm  rxpci  txpci
# Idx      W      C      C      %      %      %      %      %      %    MHz    MHz      %   bool     MB     MB     MB   MB/s   MB/s
    0    252     72      -    100      2      0      0      0      0  14801   2550     85      0  15251  16355      -     26      6
    0    251     73      -    100      2      0      0      0      0  14801   2557     87      0  15251  16355      -     21      6
    0    253     74      -    100      2      0      0      0      0  14801   2572     88      0  15251  16355      -     47      6
    0    249     73      -    100      3      0      0      0      0  14801   2557     88      0  15251  16355      -     42     27
    0    252     68      -    100     44      0      0      0      0  14801   2407     86      0  15251  16355      -     37      8
    0    251     67      -    100     65      0      0      0      0  14801   2295     92      0  15251  16355      -     27      8
    0    253     68      -    100     65      0      0      0      0  14801   2175     91      0  15251  16355      -     14     12
    0    252     72      -    100      2      0      0      0      0  14801   2437    100      0  15251  16355      -     16     28
    0    251     72      -    100      2      0      0      0      0  14801   2497     86      0  15251  16355      -      9     11
    0    247     74      -    100      2      0      0      0      0  14801   2557     76      0  15251  16355      -     14     29
    0    252     73      -    100      2      0      0      0      0  14801   2565     94      0  15251  16355      -     57      7
    0    254     74      -    100      2      0      0      0      0  14801   2572     85      0  15251  16355      -     16     29
    0    250     73      -    100      2      0      0      0      0  14801   2557     88      0  15251  16355      -      9     13
    0    249     72      -    100     16      0      0      0      0  14801   2520     86      0  15251  16355      -     55      8
    0    250     70      -    100     34      0      0      0      0  14801   2430     87      0  15251  16355      -     20      8
    0    250     67      -    100     48      0      0      0      0  14801   2392     90      0  15251  16355      -     41     20
    0    252     66      -    100     60      0      0      0      0  14801   2355     89      0  15251  16355      -     16     12
    0    251     72      -    100      6      0      0      0      0  14801   2302    100      0  15251  16355      -     31      5
    0    251     72      -    100      2      0      0      0      0  14801   2355     88      0  15251  16355      -     19     15
    0    252     72      -    100      2      0      0      0      0  14801   2392     88      0  15251  16355      -     15     19
    0    252     72      -    100      2      0      0      0      0  14801   2475     88      0  15251  16355      -     26      5
    0    251     72      -    100      2      0      0      0      0  14801   2512     88      0  15251  16355      -     36      8
    0    251     72      -    100      2      0      0      0      0  14801   2550     88      0  15251  16355      -     24     12
    0    252     72      -    100      2      0      0      0      0  14801   2557     88      0  15251  16355      -     49     16
    0    253     73      -    100      2      0      0      0      0  14801   2565     87      0  15251  16355      -     20      6
    0    250     74      -    100      2      0      0      0      0  14801   2572     88      0  15252  16355      -     10      7
    0    237     71      -    100     23      0      0      0      0  14801   2587     74      0  15252  16355      -     33      6
    0    252     67      -    100     36      0      0      0      0  14801   2205    100      0  15252  16355      -     25      4
    0    251     71      -    100     18      0      0      0      0  14801   2272     83      0  15252  16355      -     17     15
    0    252     70      -    100      7      0      0      0      0  14801   2295     88      0  15252  16355      -     25     18
    0    251     72      -    100      2      0      0      0      0  14801   2332     85      0  15252  16355      -     12      6
    0    252     72      -    100      2      0      0      0      0  14801   2355     88      0  15252  16355      -     33     11
    0    251     72      -    100      2      0      0      0      0  14801   2407     88      0  15252  16355      -     57     17
    0    245     72      -    100      2      0      0      0      0  14801   2542     74      0  15252  16355      -     79     12
    0    252     72      -    100      2      0      0      0      0  14801   2527     93      0  15252  16355      -   1656   1683
    0    252     72      -    100      2      0      0      0      0  14801   2542     89      0  15252  16355      -  16842      9
    0    251     72      -    100      2      0      0      0      0  14801   2557     88      0  15252  16355      -     85      8
    0    252     68      -    100     66      0      0      0      0  14801   2175    100      0  15252  16355      -     47     60
    0    252     69      -    100     66      0      0      0      0  14801   2182     89      0  15252  16355      -     34    110
    0    251     67      -    100     67      0      0      0      0  14801   2235     85      0  15252  16355      -     42     39
    0    252     69      -    100     69      0      0      0      0  14801   2235     86      0  15252  16355      -  21164     21
    0    249     72      -    100      2      0      0      0      0  14801   2340     73      0  15252  16355      -     47    628
    0    252     72      -    100      2      0      0      0      0  14801   2385     90      0  15252  16355      -     42     25
    0    251     72      -    100      2      0      0      0      0  14801   2505     83      0  15252  16355      -     26     16
# gpu    pwr  gtemp  mtemp     sm    mem    enc    dec    jpg    ofa   mclk   pclk  pviol  tviol     fb   bar1   ccpm  rxpci  txpci
# Idx      W      C      C      %      %      %      %      %      %    MHz    MHz      %   bool     MB     MB     MB   MB/s   MB/s
    0    252     72      -    100      2      0      0      0      0  14801   2565     86      0  15252  16355      -     42      5
    0    244     74      -    100      2      0      0      0      0  14801   2572     73      0  15252  16355      -     31      7
    0    257     74      -    100      2      0      0      0      0  14801   2565     95      0  15252  16355      -     36     10
    0    251     69      -    100     44      0      0      0      0  14801   2197    100      0  15252  16355      -     18      6
    0    252     70      -    100      7      0      0      0      0  14801   2250     86      0  15252  16355      -     19      9
    0    252     72      -    100      2      0      0      0      0  14801   2325     87      0  15252  16355      -     30      5
    0    252     72      -    100      2      0      0      0      0  14801   2407     85      0  15252  16355      -     65      4
    0    252     72      -    100      2      0      0      0      0  14801   2482     85      0  15252  16355      -     36      6
    0    251     72      -    100      2      0      0      0      0  14801   2550     86      0  15252  16355      -     17     20
    0    251     73      -    100      2      0      0      0      0  14801   2565     85      0  15252  16355      -     13      7
    0    252     74      -    100      2      0      0      0      0  14801   2565     85      0  15252  16355      -     15      6
    0    249     72      -    100     14      0      0      0      0  14801   2527     85      0  15252  16355      -     27      8
    0    250     68      -    100     45      0      0      0      0  14801   2407     86      0  15252  16355      -     15     17
    0    252     71      -    100      7      0      0      0      0  14801   2295    100      0  15252  16355      -     16     15
    0    252     72      -    100      2      0      0      0      0  14801   2355     87      0  15252  16355      -     36      5
    0    248     73      -    100      2      0      0      0      0  14801   2535     75      0  15252  16355      -     37      6
    0    252     72      -    100      2      0      0      0      0  14801   2520     92      0  15252  16355      -     28     25
    0    251     72      -    100      2      0      0      0      0  14801   2550     89      0  15252  16355      -     32      6
    0    252     72      -    100      2      0      0      0      0  14801   2557     88      0  15252  16355      -    137     32
    0    251     73      -    100      2      0      0      0      0  14801   2565     86      0  15252  16355      -     17     19
    0    254     74      -    100      2      0      0      0      0  14801   2572     87      0  15252  16355      -     31     12
    0    255     74      -    100      2      0      0      0      0  14801   2572     90      0  15252  16355      -     15      8
    0    250     74      -    100      2      0      0      0      0  14801   2565     86      0  15252  16355      -     14     21
    0    252     68      -    100     70      0      0      0      0  14801   2197    100      0  15252  16355      -     33      9
    0    251     68      -    100     58      0      0      0      0  14801   2190     87      0  15252  16355      -     40     23
    0    251     68      -    100     33      0      0      0      0  14801   2220     88      0  15252  16355      -     27     52
    0    252     71      -    100      7      0      0      0      0  14801   2272     88      0  15252  16355      -     79    421
    0    252     72      -    100      2      0      0      0      0  14801   2325     87      0  15252  16355      -     62   1781
    0    252     72      -    100      2      0      0      0      0  14801   2377     88      0  15252  16355      -  15347    531
    0    252     72      -    100      2      0      0      0      0  14801   2445     85      0  15252  16355      -  21387     22
    0    252     72      -    100      2      0      0      0      0  14801   2512     86      0  15252  16355      -  12154     18
    0    251     72      -    100      2      0      0      0      0  14801   2542     88      0  15252  16355      -     83   1837
    0    243     74      -    100      2      0      0      0      0  14801   2565     76      0  15252  16355      -  15006     22
    0    251     68      -    100     68      0      0      0      0  14801   2190    100      0  15252  16355      -   8533     22
    0    251     68      -    100     68      0      0      0      0  14801   2212     88      0  15252  16355      -     39      7
    0    252     69      -    100     67      0      0      0      0  14801   2220     87      0  15252  16355      -     40     21
    0    251     69      -    100     67      0      0      0      0  14801   2197     88      0  15252  16355      -     36     22
    0    251     68      -    100     70      0      0      0      0  14801   2205     88      0  15252  16355      -     36     36
    0    251     68      -    100     66      0      0      0      0  14801   2197     88      0  15252  16355      -     70     13
    0    245     69      -    100     30      0      0      0      0  14801   2355     74      0  15252  16355      -     54     22
    0    251     72      -    100     17      0      0      0      0  14801   2302     93      0  15252  16355      -     43      7
    0    252     72      -    100      6      0      0      0      0  14801   2317     87      0  15252  16355      -     34     15
    0    251     72      -    100      2      0      0      0      0  14801   2355     88      0  15252  16355      -     29      7
    0    250     66      -    100     65      0      0      0      0  14801   2137    100      0  15252  16355      -     22      8
# gpu    pwr  gtemp  mtemp     sm    mem    enc    dec    jpg    ofa   mclk   pclk  pviol  tviol     fb   bar1   ccpm  rxpci  txpci
# Idx      W      C      C      %      %      %      %      %      %    MHz    MHz      %   bool     MB     MB     MB   MB/s   MB/s
    0    252     66      -    100     64      0      0      0      0  14801   2085     88      0  15252  16355      -     11      8
    0    250     66      -     98     66      0      0      0      0  14801   2130     85      0  15252  16355      -     13     13
    0    253     67      -    100     66      0      0      0      0  14801   2175     86      0  15252  16355      -     41     20
    0    248     69      -    100     66      0      0      0      0  14801   2197     71      0  15252  16355      -     31     28
    0    252     69      -    100     48      0      0      0      0  14801   2205     92      0  15252  16355      -     79     10
    0    251     72      -    100      6      0      0      0      0  14801   2242     85      0  15252  16355      -    144     14
    0    252     72      -    100      2      0      0      0      0  14801   2370     86      0  15252  16355      -    138      6
    0    246     73      -    100      2      0      0      0      0  14801   2550     73      0  15252  16355      -     31    103
    0    252     72      -    100      2      0      0      0      0  14801   2557     94      0  15252  16355      -     48     14
    0    252     67      -    100     63      0      0      0      0  14801   2190    100      0  15252  16355      -     20      7
    0    251     67      -    100     65      0      0      0      0  14801   2235     86      0  15252  16355      -     29      7
    0    252     67      -    100     67      0      0      0      0  14801   2197     86      0  15252  16355      -     40     20
    0    251     69      -    100     45      0      0      0      0  14801   2205     85      0  15252  16355      -     37      9
    0    252     72      -    100     13      0      0      0      0  14801   2257     88      0  15252  16355      -     34      4
    0    252     72      -    100      2      0      0      0      0  14801   2347     85      0  15252  16355      -     48     25
    0    252     72      -    100      1      0      0      0      0  14801   2400     88      0  15252  16355      -   7441   1225
    0    252     72      -    100      2      0      0      0      0  14801   2527     83      0  15252  16355      -   1050   1765
    0    251     72      -    100      2      0      0      0      0  14801   2557     88      0  15252  16355      -    379   1810
    0    252     73      -    100      2      0      0      0      0  14801   2565     87      0  15252  16355      -  13814    662
    0    251     68      -    100     69      0      0      0      0  14801   2205    100      0  15252  16355      -  21331     21
    0    252     69      -    100     68      0      0      0      0  14801   2197     85      0  15252  16355      -    160    808
    0    248     69      -    100     42      0      0      0      0  14801   2295     76      0  15252  16355      -     98   1834
    0    252     71      -    100     18      0      0      0      0  14801   2257     92      0  15252  16355      -  13499    683
    0    251     72      -    100      3      0      0      0      0  14801   2310     87      0  15252  16355      -  21407      8
    0    252     72      -    100      2      0      0      0      0  14801   2362     86      0  15252  16355      -  20179     13
    0    252     72      -    100      2      0      0      0      0  14801   2437     88      0  15252  16355      -     41     19
    0    251     72      -    100      2      0      0      0      0  14801   2475     85      0  15252  16355      -     18     23
    0    252     72      -    100      2      0      0      0      0  14801   2512     88      0  15252  16355      -     36      7
    0    250     68      -     99     67      0      0      0      0  14801   2122    100      0  15252  16355      -     30     23
    0    252     69      -     99     66      0      0      0      0  14801   2160     87      0  15252  16355      -     44      9
    0    252     68      -    100     69      0      0      0      0  14801   2152     88      0  15252  16355      -     39     22
    0    251     67      -    100     64      0      0      0      0  14801   2190     88      0  15252  16355      -     31      6
    0    252     68      -    100     69      0      0      0      0  14801   2212     87      0  15252  16355      -     30      6
    0    251     69      -    100     67      0      0      0      0  14801   2205     87      0  15252  16355      -     61     20
    0    251     67      -    100     70      0      0      0      0  14801   2197     88      0  15252  16355      -     69     14
    0    252     69      -    100     48      0      0      0      0  14801   2212     88      0  15252  16355      -     34     14
    0    251     69      -    100     24      0      0      0      0  14801   2257     88      0  15252  16355      -     19     22
    0    251     72      -    100      6      0      0      0      0  14801   2310     85      0  15252  16355      -     38      7
    0    253     68      -    100     64      0      0      0      0  14801   2077    100      0  15252  16355      -     25     22
    0    250     66      -     98     64      0      0      0      0  14801   2107     93      0  15252  16355      -     36      6
    0    252     66      -     98     65      0      0      0      0  14801   2115     88      0  15252  16355      -     39     18
    0    252     68      -     98     67      0      0      0      0  14801   2115     90      0  15252  16355      -     15      7
    0    251     67      -     99     68      0      0      0      0  14801   2145     87      0  15252  16355      -     29      7
    0    252     69      -    100     66      0      0      0      0  14801   2145     89      0  15252  16355      -     16     13
# gpu    pwr  gtemp  mtemp     sm    mem    enc    dec    jpg    ofa   mclk   pclk  pviol  tviol     fb   bar1   ccpm  rxpci  txpci
# Idx      W      C      C      %      %      %      %      %      %    MHz    MHz      %   bool     MB     MB     MB   MB/s   MB/s
    0    251     69      -    100     67      0      0      0      0  14801   2167     87      0  15252  16355      -     29      8
    0    245     69      -    100     68      0      0      0      0  14801   2190     74      0  15252  16355      -     21      7
    0    251     68      -    100     69      0      0      0      0  14801   2205     94      0  15252  16355      -     18      6
    0    252     68      -    100     67      0      0      0      0  14801   2190     87      0  15252  16355      -     14      6
    0    252     69      -    100     67      0      0      0      0  14801   2197     88      0  15252  16355      -     21      6
    0    251     70      -    100     36      0      0      0      0  14801   2430    100      0  15252  16355      -     25      7
    0    250     67      -    100     62      0      0      0      0  14801   2340     89      0  15252  16355      -     11      6
    0    253     67      -    100     65      0      0      0      0  14801   2242     92      0  15252  16355      -     15      6
    0    247     67      -    100     65      0      0      0      0  14801   2182     82      0  15252  16355      -     15      7
    0    255     66      -     98     66      0      0      0      0  14801   2122     79      0  15252  16355      -     36      6
    0    251     68      -    100     64      0      0      0      0  14801   2190     89      0  15252  16355      -     40     12
    0    251     69      -    100     66      0      0      0      0  14801   2220     84      0  15252  16355      -     21      7
    0    252     69      -    100     58      0      0      0      0  14801   2220     83      0  15252  16355      -     16      7
    0    247     71      -    100     14      0      0      0      0  14801   2362     74      0  15252  16355      -     14      7
    0    250     66      -    100     65      0      0      0      0  14801   2152    100      0  15252  16355      -     17      7
    0    253     67      -    100     65      0      0      0      0  14801   2032     87      0  15252  16355      -     32      7
    0    251     66      -     98     65      0      0      0      0  14801   2107     88      0  15252  16355      -     64      7
    0    251     67      -     99     64      0      0      0      0  14801   2152     85      0  15252  16355      -     88     14
    0    251     68      -    100     66      0      0      0      0  14801   2160     86      0  15252  16355      -     32     18
    0    252     68      -    100     69      0      0      0      0  14801   2190     88      0  15252  16355      -     29      6
    0    252     69      -    100     68      0      0      0      0  14801   2197     88      0  15252  16355      -     18      8
    0    251     67      -    100     36      0      0      0      0  14801   2190     88      0  15252  16355      -     21     19
    0    251     72      -    100      6      0      0      0      0  14801   2280     85      0  15252  16355      -     40      8
    0    252     72      -    100      2      0      0      0      0  14801   2355     88      0  15252  16355      -     65     28
    0    250     67      -     99     66      0      0      0      0  14801   2085    100      0  15252  16355      -     33      8
    0    250     66      -     98     66      0      0      0      0  14801   2137     87      0  15252  16355      -     27      6
    0    250     65      -     80     52      0      0      0      0  14801   2160     88      0  15252  16355      -     41     22
    0    249     68      -    100     66      0      0      0      0  14801   2205     76      0  15252  16355      -     31     20
    0    252     69      -    100     69      0      0      0      0  14801   2190     94      0  15252  16355      -     38     21
    0    252     69      -    100     67      0      0      0      0  14801   2235     87      0  15252  16355      -     42      7
    0    252     68      -    100     70      0      0      0      0  14801   2205     88      0  15252  16355      -     58      3
    0    251     69      -    100     61      0      0      0      0  14801   2212     87      0  15252  16355      -     26      7
    0    251     69      -    100     53      0      0      0      0  14801   2235     87      0  15252  16355      -     16      7
    0    251     69      -    100     40      0      0      0      0  14801   2257     88      0  15252  16355      -     15      8
    0    252     67      -    100     65      0      0      0      0  14801   2280    100      0  15252  16355      -     22      7
    0    252     66      -    100     65      0      0      0      0  14801   2190     90      0  15252  16355      -     21      8
    0    252     67      -    100     65      0      0      0      0  14801   2137     91      0  15252  16355      -     16     23
    0    250     66      -    100     63      0      0      0      0  14801   2047     84      0  15252  16355      -     14      6
    0    253     66      -     98     67      0      0      0      0  14801   2092     96      0  15252  16355      -     31     11
    0    250     68      -     98     65      0      0      0      0  14801   2130     88      0  15252  16355      -     21      5
    0    252     66      -     99     67      0      0      0      0  14801   2152     85      0  15253  16355      -     11     14
    0    252     68      -    100     68      0      0      0      0  14801   2152     88      0  15253  16355      -     14      5
    0    252     69      -    100     66      0      0      0      0  14801   2175     88      0  15253  16355      -     15      7
    0    251     68      -    100     68      0      0      0      0  14801   2197     88      0  15253  16355      -     21      8
# gpu    pwr  gtemp  mtemp     sm    mem    enc    dec    jpg    ofa   mclk   pclk  pviol  tviol     fb   bar1   ccpm  rxpci  txpci
# Idx      W      C      C      %      %      %      %      %      %    MHz    MHz      %   bool     MB     MB     MB   MB/s   MB/s
    0    254     69      -    100     37      0      0      0      0  14801   2430    100      0  15253  16355      -     29      5
    0    251     66      -    100     64      0      0      0      0  14801   2332     89      0  15253  16355      -     10     13
    0    252     66      -    100     65      0      0      0      0  14801   2295     89      0  15253  16355      -     15     13
    0    250     66      -    100     65      0      0      0      0  14801   2257     92      0  15253  16355      -     21      7
    0    252     65      -    100     66      0      0      0      0  14801   2205     91      0  15253  16355      -     22      8
    0    250     66      -    100     65      0      0      0      0  14801   2175     92      0  15253  16355      -     13     11
    0    241     65      -    100     65      0      0      0      0  14801   2167     82      0  15253  16355      -     21      7
    0    253     66      -     99     66      0      0      0      0  14801   2107     78      0  15253  16355      -     20      5
    0    250     67      -     98     66      0      0      0      0  14801   2115     96      0  15253  16355      -     22      6
    0    250     66      -     98     67      0      0      0      0  14801   2137     97      0  15253  16355      -     26      7
    0    252     72      -    100      2      0      0      0      0  14801   2550    100      0  15253  16355      -     21      5
    0    251     72      -    100      2      0      0      0      0  14801   2557     88      0  15253  16355      -     20      5
    0    252     73      -    100      2      0      0      0      0  14801   2565     87      0  15253  16355      -     21      5
    0    251     73      -    100      2      0      0      0      0  14801   2572     76      0  15253  16355      -     11     13
    0    243     71      -    100     31      0      0      0      0  14801   2580     74      0  15253  16355      -     17      6
    0    255     67      -    100     65      0      0      0      0  14801   2272     98      0  15253  16355      -      0     12
    0    250     67      -    100     65      0      0      0      0  14801   2122     93      0  15253  16355      -     14      8
    0    250     66      -     95     64      0      0      0      0  14801   2047     90      0  15253  16355      -     35     13
    0    246     63      -     62     40      0      0      0      0  14801   2107     79      0  15253  16355      -     10      7
    0    256     68      -    100     64      0      0      0      0  14801   2182     74      0  15253  16355      -     12      8
    0    251     74      -    100      2      0      0      0      0  14801   2565    100      0  15253  16355      -     20      7
    0    253     72      -    100     15      0      0      0      0  14801   2520     95      0  15253  16355      -     20      6
    0    249     67      -    100     53      0      0      0      0  14801   2377     81      0  15253  16355      -     26      5
    0    248     68      -    100     66      0      0      0      0  14801   2242     92      0  15253  16355      -     10     12
    0    250     67      -    100     66      0      0      0      0  14801   2122     91      0  15253  16355      -     16      6
    0    251     66      -    100     65      0      0      0      0  14801   2077     87      0  15253  16355      -     21     25
    0    253     66      -     99     66      0      0      0      0  14801   2115     88      0  15253  16355      -     49      7
    0    251     68      -    100     68      0      0      0      0  14801   2167     85      0  15253  16355      -     27     24
    0    253     67      -    100     65      0      0      0      0  14801   2182     86      0  15253  16355      -     14     40
    0    252     69      -    100     68      0      0      0      0  14801   2235     88      0  15253  16355      -     20     35
    0    254     72      -    100     22      0      0      0      0  14801   2490    100      0  15253  16355      -     23     19
    0    254     67      -    100     48      0      0      0      0  14801   2400     86      0  15253  16355      -     10     13
    0    242     66      -    100     66      0      0      0      0  14801   2317     77      0  15253  16355      -     11      7
    0    253     68      -    100     65      0      0      0      0  14801   2167     91      0  15253  16355      -     14      7
    0    252     66      -    100     65      0      0      0      0  14801   2100     93      0  15253  16355      -     14     19
    0    250     67      -     99     65      0      0      0      0  14801   2092     97      0  15253  16355      -     21      6
    0    250     66      -     98     65      0      0      0      0  14801   2115     88      0  15253  16355      -     20     20
    0    252     66      -     98     67      0      0      0      0  14801   2122     78      0  15253  16355      -     20      5
    0    250     67      -     99     66      0      0      0      0  14801   2160     97      0  15253  16355      -     14      6
    0    252     66      -    100     64      0      0      0      0  14801   2152     88      0  15253  16355      -     14      7
    0    252     72      -    100      2      0      0      0      0  14801   2572    100      0  15253  16355      -     20      6
    0    251     72      -    100      2      0      0      0      0  14801   2572     78      0  15253  16355      -     38     13
    0    249     74      -    100      2      0      0      0      0  14801   2572     87      0  15253  16355      -     21      7
    0    257     74      -    100      2      0      0      0      0  14801   2430     94      0  15253  16355      -     14      6
# gpu    pwr  gtemp  mtemp     sm    mem    enc    dec    jpg    ofa   mclk   pclk  pviol  tviol     fb   bar1   ccpm  rxpci  txpci
# Idx      W      C      C      %      %      %      %      %      %    MHz    MHz      %   bool     MB     MB     MB   MB/s   MB/s
    0    250     73      -    100     50      0      0      0      0  14801   2392     79      0  15253  16355      -     21      8
    0    254     73      -    100     65      0      0      0      0  14801   2302     91      0  15253  16355      -     26     11
    0    250     69      -    100     35      0      0      0      0  14801   2250     90      0  15253  16355      -     20      6
    0    250     65      -    100     60      0      0      0      0  14801   2167     90      0  15253  16355      -     14      5
    0    250     66      -    100     66      0      0      0      0  14801   2085     93      0  15253  16355      -     21      6
    0    243     67      -    100     65      0      0      0      0  14801   2092     82      0  15253  16355      -     20      6
    0    252     72      -    100      2      0      0      0      0  14801   2557    100      0  15253  16355      -     14      8
    0    251     72      -    100      2      0      0      0      0  14801   2565     88      0  15253  16355      -     14      7
    0    251     72      -    100      2      0      0      0      0  14801   2572     90      0  15253  16355      -     23     20
    0    252     72      -    100      2      0      0      0      0  14801   2572     90      0  15253  16355      -     22     43
    0    251     72      -    100      2      0      0      0      0  14801   2572     88      0  15253  16355      -     12     11
    0    252     72      -    100      2      0      0      0      0  14801   2572     88      0  15253  16355      -     24     18
    0    242     74      -    100      2      0      0      0      0  14801   2580     73      0  15253  16355      -     34      7
    0    254     74      -    100      2      0      0      0      0  14801   2505     94      0  15253  16355      -     18     22
    0    256     74      -    100      2      0      0      0      0  14801   2467     88      0  15253  16355      -     33      7
    0    250     74      -    100      2      0      0      0      0  14801   2407     88      0  15253  16355      -     17     20
    0    252     69      -    100     67      0      0      0      0  14801   2242    100      0  15253  16355      -     26      7
    0    251     68      -    100     71      0      0      0      0  14801   2280     88      0  15253  16355      -     35      6
    0    251     69      -    100     44      0      0      0      0  14801   2332     87      0  15253  16355      -     30     20
    0    252     70      -    100     19      0      0      0      0  14801   2467     88      0  15253  16355      -     28      6
    0    248     72      -    100      2      0      0      0      0  14801   2550     71      0  15253  16355      -     17      6
    0    251     72      -    100      2      0      0      0      0  14801   2572     92      0  15253  16355      -     39     64
    0    252     72      -    100      2      0      0      0      0  14801   2572     86      0  15253  16355      -     11     22
    0    251     73      -    100      2      0      0      0      0  14801   2520     86      0  15253  16355      -     15      6
    0    239     73      -    100     11      0      0      0      0  14801   2407     74      0  15253  16355      -     13      6
    0    254     70      -    100     33      0      0      0      0  14801   2212     94      0  15253  16355      -     26     25
    0    251     72      -    100      6      0      0      0      0  14801   2415    100      0  15253  16355      -     33      6
    0    252     72      -    100      2      0      0      0      0  14801   2490     88      0  15253  16355      -     50      6
    0    252     72      -    100      2      0      0      0      0  14801   2550     85      0  15253  16355      -     29     46
    0    251     72      -    100      2      0      0      0      0  14801   2565     86      0  15253  16355      -     44     21
    0    252     72      -    100      2      0      0      0      0  14801   2572     88      0  15253  16355      -     58     26
    0    251     73      -    100      2      0      0      0      0  14801   2565     88      0  15253  16355      -     59     20
    0    250     74      -    100      2      0      0      0      0  14801   2467     86      0  15253  16355      -     22     21
    0    252     72      -    100     16      0      0      0      0  14801   2302     85      0  15253  16355      -     21      5
    0    249     67      -    100     49      0      0      0      0  14801   2182     88      0  15253  16355      -     19      5
    0    253     66      -    100     65      0      0      0      0  14801   2100     92      0  15253  16355      -     22      6
    0    251     72      -    100      2      0      0      0      0  14801   2512    100      0  15253  16355      -     18     26
    0    252     72      -    100      2      0      0      0      0  14801   2550     90      0  15253  16355      -     47     11
    0    248     73      -    100      2      0      0      0      0  14801   2565     76      0  15253  16355      -     53      5
    0    253     72      -    100      2      0      0      0      0  14801   2572     93      0  15253  16355      -     38     29
    0    252     73      -    100      2      0      0      0      0  14801   2565     88      0  15253  16355      -     25    125
    0    251     73      -    100      2      0      0      0      0  14801   2542     87      0  15253  16355      -     40     67
    0    250     74      -    100      2      0      0      0      0  14801   2430     84      0  15253  16355      -     47      5
    0    255     74      -    100      3      0      0      0      0  14801   2385     89      0  15253  16355      -     19     16
# gpu    pwr  gtemp  mtemp     sm    mem    enc    dec    jpg    ofa   mclk   pclk  pviol  tviol     fb   bar1   ccpm  rxpci  txpci
# Idx      W      C      C      %      %      %      %      %      %    MHz    MHz      %   bool     MB     MB     MB   MB/s   MB/s
    0    254     73      -    100      5      0      0      0      0  14801   2325     87      0  15253  16355      -     44      5
    0    251     72      -    100     19      0      0      0      0  14801   2287     90      0  15253  16355      -     33      9
    0    251     69      -    100     40      0      0      0      0  14801   2347    100      0  15253  16355      -     37      5
    0    251     71      -    100     14      0      0      0      0  14801   2400     87      0  15253  16355      -     18     15
    0    252     72      -    100      2      0      0      0      0  14801   2460     85      0  15253  16355      -     14      7
    0    252     72      -    100      2      0      0      0      0  14801   2520     87      0  15253  16355      -     33     23
    0    252     72      -    100      2      0      0      0      0  14801   2550     88      0  15253  16355      -     34     20
    0    252     72      -    100      2      0      0      0      0  14801   2557     88      0  15253  16355      -     30      5
    0    252     72      -    100      2      0      0      0      0  14801   2565     86      0  15253  16355      -     23      5
    0    251     72      -    100      2      0      0      0      0  14801   2572     85      0  15253  16355      -     14      5
    0    251     73      -    100      2      0      0      0      0  14801   2557     86      0  15253  16355      -     32      6
    0    243     74      -    100      2      0      0      0      0  14801   2550     73      0  15253  16355      -     19     21
    0    252     69      -    100     68      0      0      0      0  14801   2250    100      0  15253  16355      -     13     20
    0    251     68      -    100     70      0      0      0      0  14801   2302     88      0  15253  16355      -     32      4
    0    251     69      -    100     62      0      0      0      0  14801   2317     85      0  15253  16355      -     20     16
    0    251     67      -    100     55      0      0      0      0  14801   2340     88      0  15253  16355      -     37     21
    0    251     69      -    100     49      0      0      0      0  14801   2355     88      0  15253  16355      -  10786    911
    0    251     69      -    100     41      0      0      0      0  14801   2385     87      0  15253  16355      -     63   1481
    0    245     70      -    100      7      0      0      0      0  14801   2535     72      0  15253  16355      -     43      6
    0    252     72      -    100      4      0      0      0      0  14801   2505     95      0  15253  16355      -     16      6
    0    252     72      -    100      2      0      0      0      0  14801   2520     85      0  15253  16355      -     21     21
    0    252     72      -    100      2      0      0      0      0  14801   2542     87      0  15253  16355      -     42     36
    0    250     67      -    100     65      0      0      0      0  14801   2130    100      0  15253  16355      -     24     20
    0    252     66      -     98     67      0      0      0      0  14801   2152     90      0  15253  16355      -     26     23
    0    251     66      -     98     68      0      0      0      0  14801   2167     85      0  15253  16355      -     63      6
    0    253     68      -    100     66      0      0      0      0  14801   2227     85      0  15253  16355      -     43      8
    0    249     69      -    100     66      0      0      0      0  14801   2272     71      0  15253  16355      -     59      9
    0    252     69      -    100     49      0      0      0      0  14801   2310     92      0  15253  16355      -     68      4
    0    252     70      -    100      6      0      0      0      0  14801   2377     84      0  15253  16355      -     48     24
    0    252     72      -    100      2      0      0      0      0  14801   2505     85      0  15253  16355      -     54   1099
    0    247     72      -    100      2      0      0      0      0  14801   2565     76      0  15253  16355      -  14384    606
    0    252     72      -    100      2      0      0      0      0  14801   2572     93      0  15253  16355      -   4242   1479
    0    252     68      -    100     67      0      0      0      0  14801   2212    100      0  15253  16355      -   4900   1421
    0    251     68      -    100     66      0      0      0      0  14801   2190     86      0  15253  16355      -     50    686
    0    252     69      -    100     67      0      0      0      0  14801   2220     86      0  15253  16355      -     61     15
    0    251     67      -    100     54      0      0      0      0  14801   2295     85      0  15253  16355      -     76    345
    0    251     69      -    100     26      0      0      0      0  14801   2370     86      0  15253  16355      -     49     29
    0    252     72      -    100      2      0      0      0      0  14801   2452     87      0  15253  16355      -     38     26
    0    251     72      -    100      1      0      0      0      0  14801   2527     86      0  15253  16355      -     18     20
    0    252     72      -    100      2      0      0      0      0  14801   2565     85      0  15253  16355      -     21     23
    0    251     72      -    100      2      0      0      0      0  14801   2572     88      0  15253  16355      -      9      7
    0    251     72      -    100      2      0      0      0      0  14801   2565     88      0  15253  16355      -     20     21
    0    251     68      -    100     67      0      0      0      0  14801   2190    100      0  15253  16355      -     35      5
    0    252     69      -    100     66      0      0      0      0  14801   2212     85      0  15253  16355      -     32     50
# gpu    pwr  gtemp  mtemp     sm    mem    enc    dec    jpg    ofa   mclk   pclk  pviol  tviol     fb   bar1   ccpm  rxpci  txpci
# Idx      W      C      C      %      %      %      %      %      %    MHz    MHz      %   bool     MB     MB     MB   MB/s   MB/s
    0    248     69      -    100     55      0      0      0      0  14801   2400     76      0  15253  16355      -     38      5
    0    251     67      -    100     33      0      0      0      0  14801   2370     94      0  15253  16355      -     18      7
    0    251     71      -    100      7      0      0      0      0  14801   2430     87      0  15253  16355      -     44     19
    0    252     72      -    100      2      0      0      0      0  14801   2475     87      0  15253  16355      -     46     36
    0    251     72      -    100      2      0      0      0      0  14801   2542     86      0  15253  16355      -     32     61
    0    252     72      -    100      2      0      0      0      0  14801   2557     85      0  15253  16355      -     57   1956
    0    252     72      -    100      2      0      0      0      0  14801   2565     85      0  15253  16355      -  21321     26
    0    251     72      -    100      2      0      0      0      0  14801   2565     87      0  15253  16355      -   3734     10
    0    252     67      -     99     66      0      0      0      0  14801   2190    100      0  15253  16355      -     54      7
    0    251     68      -    100     68      0      0      0      0  14801   2242     85      0  15253  16355      -     37      8
    0    252     68      -    100     66      0      0      0      0  14801   2205     85      0  15253  16355      -     19     22
    0    251     68      -    100     69      0      0      0      0  14801   2205     88      0  15253  16355      -     21     20
    0    252     68      -    100     66      0      0      0      0  14801   2220     87      0  15253  16355      -     41     20
    0    251     68      -    100     71      0      0      0      0  14801   2272     88      0  15253  16355      -     58     23
    0    251     69      -    100     53      0      0      0      0  14801   2317     87      0  15253  16355      -     17     20
    0    251     68      -    100     28      0      0      0      0  14801   2377     88      0  15253  16355      -     38      9
    0    252     71      -    100      7      0      0      0      0  14801   2430     87      0  15253  16355      -     39      8
    0    244     72      -    100      2      0      0      0      0  14801   2550     71      0  15253  16355      -     17     59
    0    250     66      -     99     66      0      0      0      0  14801   2160    100      0  15253  16355      -     32      8
    0    249     67      -     98     64      0      0      0      0  14801   2167     85      0  15253  16355      -     26      7
    0    250     67      -     98     65      0      0      0      0  14801   2160     89      0  15253  16355      -     41     24
    0    250     66      -     98     66      0      0      0      0  14801   2167     87      0  15253  16355      -     28      6
    0    252     66      -     98     67      0      0      0      0  14801   2182     87      0  15253  16355      -     24      7
    0    247     63      -     68     46      0      0      0      0  14801   2175     90      0  15253  16355      -     22     14
    0    250     68      -    100     68      0      0      0      0  14801   2235     72      0  15253  16355      -     21     11
    0    251     68      -    100     67      0      0      0      0  14801   2197     95      0  15253  16355      -     11      8
    0    251     66      -    100     65      0      0      0      0  14801   2182     88      0  15253  16355      -     21      5
    0    252     68      -    100     69      0      0      0      0  14801   2205     87      0  15253  16355      -     21      7
    0    255     73      -    100      3      0      0      0      0  14801   2385    100      0  15253  16355      -     10     13
    0    253     72      -    100     20      0      0      0      0  14801   2287     87      0  15253  16355      -     14      6
    0    250     66      -    100     56      0      0      0      0  14801   2167     90      0  15253  16355      -     20      5
    0    248     66      -    100     64      0      0      0      0  14801   2085     84      0  15253  16355      -     24      6
    0    254     66      -    100     65      0      0      0      0  14801   2145     86      0  15253  16355      -     27      7
    0    253     66      -     98     65      0      0      0      0  14801   2182     92      0  15253  16355      -     32     18
    0    252     68      -    100     66      0      0      0      0  14801   2212     86      0  15253  16355      -     21      7
    0    251     68      -    100     67      0      0      0      0  14801   2220     84      0  15253  16355      -     40      5
    0    246     67      -    100     68      0      0      0      0  14801   2152     76      0  15253  16355      -     13      7
    0    251     68      -    100     41      0      0      0      0  14801   2190     94      0  15253  16355      -     22     13
    0    250     66      -    100     65      0      0      0      0  14801   2557    100      0  15253  16355      -     13      7
    0    253     66      -    100     64      0      0      0      0  14801   2422     91      0  15253  16355      -     21      7
    0    250     67      -    100     63      0      0      0      0  14801   2287     85      0  15253  16355      -     44      7
    0    253     67      -     98     65      0      0      0      0  14801   2205     84      0  15253  16355      -     39      7
    0    251     67      -     99     66      0      0      0      0  14801   2145     87      0  15253  16355      -     24     12
    0    252     66      -    100     66      0      0      0      0  14801   2085     86      0  15253  16355      -     35      8
# gpu    pwr  gtemp  mtemp     sm    mem    enc    dec    jpg    ofa   mclk   pclk  pviol  tviol     fb   bar1   ccpm  rxpci  txpci
# Idx      W      C      C      %      %      %      %      %      %    MHz    MHz      %   bool     MB     MB     MB   MB/s   MB/s
    0    252     68      -    100     67      0      0      0      0  14801   2145     85      0  15253  16355      -     68     21
    0    251     67      -    100     66      0      0      0      0  14801   2160     86      0  15253  16355      -     61      6
    0    252     68      -    100     40      0      0      0      0  14801   2190     86      0  15253  16355      -     38      7
    0    251     71      -    100     12      0      0      0      0  14801   2235     88      0  15253  16355      -     35      8
    0    252     65      -    100     65      0      0      0      0  14801   2467    100      0  15253  16355      -     46     21
    0    247     67      -     99     66      0      0      0      0  14801   2407     85      0  15253  16355      -     29     21
    0    253     65      -     99     67      0      0      0      0  14801   2227     79      0  15253  16355      -     34     22
    0    252     67      -     99     68      0      0      0      0  14801   2175     94      0  15253  16355      -     39      6
    0    252     68      -    100     65      0      0      0      0  14801   2100     87      0  15253  16355      -     39      6
    0    251     66      -    100     66      0      0      0      0  14801   2100     88      0  15253  16355      -     91     44
    0    252     67      -    100     66      0      0      0      0  14801   2137     87      0  15253  16355      -     43      7
    0    252     68      -    100     70      0      0      0      0  14801   2145     89      0  15253  16355      -     22      7
    0    251     67      -    100     67      0      0      0      0  14801   2152     87      0  15253  16355      -     72      7
    0    252     68      -    100     68      0      0      0      0  14801   2160     89      0  15253  16355      -     28     35
    0    249     68      -    100     41      0      0      0      0  14801   2572    100      0  15253  16355      -     16     39
    0    250     65      -    100     60      0      0      0      0  14801   2572     92      0  15253  16355      -     21     17
    0    253     66      -    100     65      0      0      0      0  14801   2557     92      0  15253  16355      -     60     18
    0    250     66      -    100     65      0      0      0      0  14801   2482     91      0  15253  16355      -     15      7
    0    252     65      -    100     65      0      0      0      0  14801   2422     87      0  15253  16355      -     15      6
    0    250     65      -    100     65      0      0      0      0  14801   2340     88      0  15253  16355      -     22      7
    0    252     68      -     98     65      0      0      0      0  14801   2272     87      0  15253  16355      -     19     10
    0    250     67      -     98     66      0      0      0      0  14801   2182     87      0  15253  16355      -     20      5
    0    252     67      -     93     61      0      0      0      0  14801   2137     88      0  15253  16355      -     15      9
    0    245     68      -    100     67      0      0      0      0  14801   2115     74      0  15253  16355      -     14      6
    0    250     73      -    100      2      0      0      0      0  14801   2550    100      0  15253  16355      -     20      6
    0    251     73      -    100      4      0      0      0      0  14801   2557     90      0  15253  16355      -     21      7
    0    250     73      -    100      6      0      0      0      0  14801   2557     85      0  15253  16355      -     18      8
    0    253     72      -    100     11      0      0      0      0  14801   2557     90      0  15253  16355      -     13      6
    0    252     72      -    100     21      0      0      0      0  14801   2565     89      0  15253  16355      -     32      8
    0    240     66      -    100     55      0      0      0      0  14801   2572     76      0  15253  16355      -     39     12
    0    255     66      -    100     57      0      0      0      0  14801   2572     97      0  15253  16355      -     10      7
    0    250     66      -    100     63      0      0      0      0  14801   2572     90      0  15253  16355      -     14      7
    0    252     67      -    100     64      0      0      0      0  14801   2557     87      0  15253  16355      -     22      6
    0    250     65      -    100     66      0      0      0      0  14801   2557     90      0  15253  16355      -     25     27
    0    252     72      -    100      2      0      0      0      0  14801   2197    100      0  15253  16355      -     54     21
    0    252     72      -    100      2      0      0      0      0  14801   2212     88      0  15253  16355      -     68     32
    0    252     72      -    100      2      0      0      0      0  14801   2332     86      0  15253  16355      -     69      6
    0    247     74      -    100      2      0      0      0      0  14801   2505     74      0  15253  16355      -     23      8
    0    252     72      -    100      2      0      0      0      0  14801   2512     92      0  15253  16355      -     10      7
    0    254     73      -    100      2      0      0      0      0  14801   2557     87      0  15253  16355      -     14      6
    0    248     72      -    100      8      0      0      0      0  14801   2572     85      0  15253  16355      -     20     12
    0    241     66      -    100     65      0      0      0      0  14801   2572     80      0  15253  16355      -     74      5
    0    253     67      -    100     65      0      0      0      0  14801   2565     95      0  15253  16355      -     14      8
    0    251     66      -    100     65      0      0      0      0  14801   2467     93      0  15253  16355      -     26      8
# gpu    pwr  gtemp  mtemp     sm    mem    enc    dec    jpg    ofa   mclk   pclk  pviol  tviol     fb   bar1   ccpm  rxpci  txpci
# Idx      W      C      C      %      %      %      %      %      %    MHz    MHz      %   bool     MB     MB     MB   MB/s   MB/s
    0    252     72      -    100      2      0      0      0      0  14801   2242    100      0  15253  16355      -     28      6
    0    252     72      -    100      2      0      0      0      0  14801   2332     86      0  15253  16355      -     20      5
    0    251     72      -    100      2      0      0      0      0  14801   2392     87      0  15253  16355      -     14      7
    0    251     73      -    100      2      0      0      0      0  14801   2467     88      0  15253  16355      -     14      6
    0    253     74      -    100      2      0      0      0      0  14801   2542     85      0  15253  16355      -     23      6
    0    254     73      -    100      5      0      0      0      0  14801   2557     88      0  15253  16355      -     33      7
    0    251     67      -    100     52      0      0      0      0  14801   2572     88      0  15253  16355      -     14      7
    0    253     67      -    100     64      0      0      0      0  14801   2557     92      0  15253  16355      -     19      6
    0    252     68      -    100     65      0      0      0      0  14801   2467     91      0  15253  16355      -     20      6
    0    250     65      -    100     66      0      0      0      0  14801   2392     87      0  15253  16355      -     14     12
    0    251     72      -    100      2      0      0      0      0  14801   2302    100      0  15253  16355      -     20      6
    0    249     73      -    100      2      0      0      0      0  14801   2482     76      0  15253  16355      -     20      7
    0    252     73      -    100      2      0      0      0      0  14801   2460     94      0  15253  16355      -     14     13
    0    254     73      -    100      2      0      0      0      0  14801   2520     86      0  15253  16355      -     14      5
    0    250     73      -    100      2      0      0      0      0  14801   2550     88      0  15253  16355      -     28      6
    0    249     73      -    100      4      0      0      0      0  14801   2565     88      0  15253  16355      -     14     12
    0    252     72      -    100     22      0      0      0      0  14801   2565     86      0  15253  16355      -     14     34
    0    250     70      -    100     37      0      0      0      0  14801   2572     88      0  15253  16355      -     22      8
    0    249     67      -    100     50      0      0      0      0  14801   2572     92      0  15253  16355      -     36     27
    0    250     67      -    100     65      0      0      0      0  14801   2565     90      0  15253  16355      -     37     24
    0    252     72      -    100      2      0      0      0      0  14801   2205    100      0  15253  16355      -     73      6
    0    252     72      -    100      2      0      0      0      0  14801   2205     88      0  15253  16355      -    100      6
    0    251     72      -    100      2      0      0      0      0  14801   2265     86      0  15253  16355      -     63     19
    0    251     72      -    100      2      0      0      0      0  14801   2302     86      0  15253  16355      -     39     33
    0    252     72      -    100      2      0      0      0      0  14801   2355     88      0  15253  16355      -     32     11
    0    251     72      -    100      2      0      0      0      0  14801   2400     87      0  15253  16355      -     27     19
    0    253     73      -    100      2      0      0      0      0  14801   2475     85      0  15253  16355      -     92      5
    0    251     74      -    100      2      0      0      0      0  14801   2520     88      0  15253  16355      -     40      8
    0    242     71      -    100     17      0      0      0      0  14801   2557     74      0  15253  16355      -     40      5
    0    254     71      -    100     29      0      0      0      0  14801   2565     96      0  15253  16355      -     17     38
    0    252     69      -    100     44      0      0      0      0  14801   2175    100      0  15253  16355      -     14     21
    0    251     68      -    100     37      0      0      0      0  14801   2175     89      0  15253  16355      -     23      9
    0    251     67      -    100     32      0      0      0      0  14801   2182     88      0  15253  16355      -     21     14
    0    252     68      -    100     28      0      0      0      0  14801   2205     89      0  15253  16355      -     17     30
    0    251     68      -    100     25      0      0      0      0  14801   2212     86      0  15253  16355      -     48     17
    0    246     72      -    100      4      0      0      0      0  14801   2257     73      0  15253  16355      -     75    970
    0    252     72      -    100      2      0      0      0      0  14801   2205     93      0  15253  16355      -     33     38
    0    252     72      -    100      2      0      0      0      0  14801   2197     88      0  15253  16355      -     64     21
    0    251     72      -    100      2      0      0      0      0  14801   2212     88      0  15253  16355      -     24      8
    0    252     72      -    100      2      0      0      0      0  14801   2205     90      0  15253  16355      -     57      7
    0    252     66      -    100     66      0      0      0      0  14801   2332    100      0  15253  16355      -     17     22
    0    250     68      -     98     65      0      0      0      0  14801   2242     87      0  15253  16355      -     34     22
    0    250     67      -     90     63      0      0      0      0  14801   2190     87      0  15253  16355      -     39     13
    0     59     59      -     42     15      0      0      0      0  14801   2632      9      0   2453  16355      -     77     26
# gpu    pwr  gtemp  mtemp     sm    mem    enc    dec    jpg    ofa   mclk   pclk  pviol  tviol     fb   bar1   ccpm  rxpci  txpci
# Idx      W      C      C      %      %      %      %      %      %    MHz    MHz      %   bool     MB     MB     MB   MB/s   MB/s
    0    137     57      -     16      4      0      0      0      0  14801   2632      0      0   3525  16355      -   3418     28
    0     73     57      -     17      4      0      0      0      0  14801   2632      0      0   4741  16355      -    135     10
    0    195     69      -     99     30      0      0      0      0  14801   2482     66      0   4869  16355      -     38     10
    0    252     69      -     99     30      0      0      0      0  14801   2475    100      0   4869  16355      -     48     27
    0    251     70      -     99     30      0      0      0      0  14801   2497     99      0   4869  16355      -     44     21
    0    252     70      -     99     30      0      0      0      0  14801   2467     99      0   4869  16355      -     57     20
    0    250     66      -     69     20      0      0      0      0  14801   2475    100      0   4901  16355      -     35     13
    0    253     69      -     99     28      0      0      0      0  14801   2370     99      0   4901  16355      -     29     30
    0    251     70      -     99     28      0      0      0      0  14801   2377     99      0   4901  16355      -     33     27
    0    251     69      -     99     28      0      0      0      0  14801   2437     99      0   4933  16355      -     33     10
    0    251     70      -     99     29      0      0      0      0  14801   2460    100      0   4926  16355      -     47     11
    0    252     70      -     99     30      0      0      0      0  14801   2482    100      0   4926  16355      -     31     10
    0    250     70      -     99     30      0      0      0      0  14801   2475     99      0   4926  16355      -     29      9
    0    248     69      -     81     24      0      0      0      0  14801   2437    100      0   4926  16355      -     25    873
    0    249     64      -     69     20      0      0      0      0  14801   2505     99      0   4926  16355      -     42     19
    0    246     71      -     99     30      0      0      0      0  14801   2490     99      0   4926  16355      -     48      8
    0    238     70      -     99     30      0      0      0      0  14801   2497    100      0   4926  16355      -     46     10
    0    253     70      -     99     30      0      0      0      0  14801   2490    100      0   4926  16355      -     43     16
    0    252     70      -     70     20      0      0      0      0  14801   2430     99      0   4926  16355      -     57     17
    0    247     64      -     74     20      0      0      0      0  14801   2392     99      0   4926  16355      -     32     13
    0    252     70      -     99     28      0      0      0      0  14801   2362     99      0   4926  16355      -     34     24
    0    252     70      -     99     28      0      0      0      0  14801   2377     99      0   4926  16355      -     36      9
    0    252     70      -     99     28      0      0      0      0  14801   2430    100      0   4926  16355      -     27      8
    0    251     70      -     99     29      0      0      0      0  14801   2475     99      0   4142  16355      -      9      0
    0    104     57      -      0      0      0      0      0      0  14801   2647     33      0   4142  16355      -      4      1
    0     53     55      -      0      0      0      0      0      0  14801   2647      0      0   4142  16355      -      6      2
    0     37     54      -      0      0      0      0      0      0   7001    382      0      0   4142  16355      -      9      0
    0     36     53      -      0      0      0      0      0      0   7001    270      0      0   4143  16355      -     10      0
    0     36     53      -      0      0      0      0      0      0   7001    217      0      0   4143  16355      -      9      0
    0     35     52      -      0      0      0      0      0      0   7001    240      0      0   4143  16355      -      6      0
    0     34     52      -      0      4      0      0      0      0    810    262      0      0   4143  16355      -      8      0
    0     30     51      -      0      3      0      0      0      0    810    277      0      0   4143  16355      -      4      2
    0     29     51      -      0      7      0      0      0      0    405    270      0      0   4143  16355      -     15      0
    0     27     51      -      0      7      0      0      0      0    405    262      0      0   4143  16355      -     19     10
    0     27     51      -      1      7      0      0      0      0    405    270      0      0   4143  16355      -      8      0
    0     27     50      -      0      7      0      0      0      0    405    255      0      0   4143  16355      -     15      1
    0     27     50      -      0      7      0      0      0      0    405    247      0      0   4143  16355      -     10      0
    0     27     50      -      0      6      0      0      0      0    405    247      0      0   4143  16355      -      8      0
    0     27     50      -      0      6      0      0      0      0    405    255      0      0   4143  16355      -      9      0
    0     27     49      -      0      6      0      0      0      0    405    225      0      0   4143  16355      -      8      0
    0     27     49      -      0      6      0      0      0      0    405    247      0      0   4143  16355      -     21      0
    0     27     49      -      0      7      0      0      0      0    405    255      0      0   4143  16355      -     15      0
    0     27     49      -      1      7      0      0      0      0    405    285      0      0   4143  16355      -      9      0
    0     27     49      -      1      7      0      0      0      0    405    255      0      0   4143  16355      -      4      1
# gpu    pwr  gtemp  mtemp     sm    mem    enc    dec    jpg    ofa   mclk   pclk  pviol  tviol     fb   bar1   ccpm  rxpci  txpci
# Idx      W      C      C      %      %      %      %      %      %    MHz    MHz      %   bool     MB     MB     MB   MB/s   MB/s
    0     26     48      -      0      7      0      0      0      0    405    232      0      0   4143  16355      -     17      0
    0     26     48      -      0      7      0      0      0      0    405    217      0      0   4143  16355      -      9      1
    0     26     48      -      0      7      0      0      0      0    405    232      0      0   4143  16355      -     10      0
    0     40     49      -      0      0      0      0      0      0  14801   2632      0      0   4373  16355      -      9      0
    0     49     49      -      0      0      0      0      0      0  14801   2632      0      0   4373  16355      -     44      0
    0     51     49      -     13      1      0      0      0      0  14801   2632      0      0   8645  16355      -   3936    351
    0     52     49      -      5      0      0      0      0      0  14801   2632      0      0  10599  16355      -   1477    117
    0     54     51      -     17      3      0      0      0      0  14801   2617      0      0  10721  16355      -     41     61
    0    166     55      -     73     60      0      0      0      0  14801   2572      0      0  10721  16355      -     34     77
    0    181     55      -     73     60      0      0      0      0  14801   2572      0      0   5317  16355      -      8      1
    0     68     49      -      9      1      0      0      0      0  14801   2640      0      0   4373  16355      -      9      0
    0     51     49      -     13      1      0      0      0      0  14801   2640      0      0   8645  16355      -   4075    350
    0     53     49      -     18      8      0      0      0      0  14801   2632      0      0  10599  16355      -   1624     96
    0    100     54      -     70     57      0      0      0      0  14801   2572      0      0  10721  16355      -     57    104
    0    178     56      -     73     60      0      0      0      0  14801   2580      0      0  10721  16355      -     44     76
    0    180     56      -     73     59      0      0      0      0  14801   2572      0      0  10721  16355      -     43     77
    0    116     50      -      0      0      0      0      0      0  14801   2640      0      0   4143  16355      -    228      4
    0     50     49      -      0      0      0      0      0      0  14801   2640      0      0   8645  16355      -   3993    352
    0     52     49      -     13      1      0      0      0      0  14801   2632      0      0  10309  16355      -    745    141
    0     55     50      -     16      5      0      0      0      0  14801   2625      0      0  10721  16355      -     37     70
    0    164     55      -     70     57      0      0      0      0  14801   2572      0      0  10721  16355      -     29     78
    0    182     55      -     72     59      0      0      0      0  14801   2572      0      0   5317  16355      -      9      2
    0    104     49      -      0      0      0      0      0      0  14801   2640      0      0   4373  16355      -     10      2
    0     51     49      -     14      1      0      0      0      0  14801   2632      0      0   8645  16355      -   4074    351
    0     52     48      -      8      1      0      0      0      0  14801   2640      0      0  10627  16355      -     10      1
    0    141     55      -     72     59      0      0      0      0  14801   2572      0      0  10721  16355      -    118     93
    0    181     55      -     73     60      0      0      0      0  14801   2580      0      0  10721  16355      -     39    106
    0    182     56      -     72     59      0      0      0      0  14801   2580      0      0  10721  16355      -     42     90
    0    147     50      -      0      0      0      0      0      0  14801   2640      0      0   4143  16355      -      9      1
    0     50     49      -      0      0      0      0      0      0  14801   2640      0      0   8645  16355      -   4021    377
    0     51     49      -     13      1      0      0      0      0  14801   2632      0      0   9637  16355      -     23      7
    0     54     49      -     12      7      0      0      0      0  14801   2632      0      0  10721  16355      -     43     78
    0    180     55      -     72     59      0      0      0      0  14801   2580      0      0  10721  16355      -     33     78
    0    182     55      -     73     60      0      0      0      0  14801   2580      0      0  10721  16355      -     29      4
    0     76     49      -      0      0      0      0      0      0  14801   2640      0      0   4373  16355      -      9      1
    0     51     49      -     13      1      0      0      0      0  14801   2640      0      0   8645  16355      -   3988    360
    0     52     48      -      7      1      0      0      0      0  14801   2632      0      0  10599  16355      -   2087     92
    0    104     54      -     73     60      0      0      0      0  14801   2572      0      0  10721  16355      -     27    101
    0    181     56      -     73     60      0      0      0      0  14801   2580      0      0  10721  16355      -     59    106
    0    182     56      -     73     60      0      0      0      0  14801   2580      0      0  10721  16355      -     42    105
    0    125     49      -      1      0      0      0      0      0  14801   2640      0      0   4373  16355      -      9      1
    0     51     49      -     21      3      0      0      0      0  14801   2640      0      0   8645  16355      -   3871    346
    0     53     48      -      8      1      0      0      0      0  14801   2632      0      0  10599  16355      -   2298    180
    0    116     55      -     73     60      0      0      0      0  14801   2572      0      0  10721  16355      -     41    193
# gpu    pwr  gtemp  mtemp     sm    mem    enc    dec    jpg    ofa   mclk   pclk  pviol  tviol     fb   bar1   ccpm  rxpci  txpci
# Idx      W      C      C      %      %      %      %      %      %    MHz    MHz      %   bool     MB     MB     MB   MB/s   MB/s
    0    181     55      -     73     60      0      0      0      0  14801   2572      0      0  10721  16355      -     51    163
    0    182     56      -     73     60      0      0      0      0  14801   2572      0      0  10325  16355      -     23      2
    0     87     49      -     10      1      0      0      0      0  14801   2640      0      0   4373  16355      -      8      1
    0     51     48      -     13      1      0      0      0      0  14801   2640      0      0   8645  16355      -   4101    358
    0     53     48      -     19      7      0      0      0      0  14801   2632      0      0  10599  16355      -   1032    163
    0     98     54      -     73     60      0      0      0      0  14801   2565      0      0  10721  16355      -     29     92
    0    181     55      -     74     61      0      0      0      0  14801   2580      0      0  10721  16355      -     48     78
    0    182     56      -     73     60      0      0      0      0  14801   2580      0      0   5317  16355      -      9      0
    0     50     48      -      0      0      0      0      0      0  14801   2640      0      0   4373  16355      -     11      8
    0     51     48      -     13      1      0      0      0      0  14801   2632      0      0   8645  16355      -   3929    356
    0     53     48      -      0      0      0      0      0      0  14801   2632      0      0  10709  16355      -   7384     17
    0    164     55      -     73     60      0      0      0      0  14801   2572      0      0  10721  16355      -     44    104
    0    181     55      -     73     60      0      0      0      0  14801   2580      0      0   5317  16355      -     14      6
    0     87     48      -     11      2      0      0      0      0  14801   2640      0      0   4373  16355      -      4      1
    0     51     48      -     13      1      0      0      0      0  14801   2640      0      0   8645  16355      -   3990    363
    0     52     48      -     26     10      0      0      0      0  14801   2632      0      0  10627  16355      -     80      0
    0     92     54      -     73     59      0      0      0      0  14801   2565      0      0  10721  16355      -     32    106
    0    180     55      -     73     60      0      0      0      0  14801   2580      0      0  10721  16355      -     44     89
    0    181     55      -     73     60      0      0      0      0  14801   2580      0      0   5317  16355      -      9      1
    0     50     48      -      0      0      0      0      0      0  14801   2640      0      0   4373  16355      -     13      2
    0     49     48      -      0      0      0      0      0      0  14801   2632      0      0   4373  16355      -      9      0
    0     51     47      -     13      1      0      0      0      0  14801   2632      0      0   8829  16355      -   3822    329
    0     53     49      -     34     12      0      0      0      0  14801   2632      0      0  11443  16355      -   1116      0
    0     52     47      -      2      0      0      0      0      0  14801   2640      0      0  11819  16355      -      9      0
    0    114     59      -     95     18      0      0      0      0  14801   2565      0      0  12025  16355      -     64     16
    0    218     56      -     91     73      0      0      0      0  14801   2550      0      0  12025  16355      -     41     89
    0    213     56      -     90     72      0      0      0      0  14801   2550      0      0  12025  16355      -     43    119
    0    214     57      -     92     74      0      0      0      0  14801   2550      0      0  12025  16355      -     31     86
    0    215     57      -     92     73      0      0      0      0  14801   2550      0      0  12025  16355      -     51    123
    0    216     57      -     91     72      0      0      0      0  14801   2550      0      0  12025  16355      -     27      6
    0     83     49      -     12      2      0      0      0      0  14801   2640      0      0   4373  16355      -      8      0
    0     50     48      -      0      0      0      0      0      0  14801   2640      0      0   4373  16355      -      9      0
    0     50     48      -      0      0      0      0      0      0  14801   2632      0      0   4373  16355      -     61     26
    0     50     48      -     13      1      0      0      0      0  14801   2632      0      0   8041  16355      -   3934    333
    0     52     48      -     16      6      0      0      0      0  14801   2632      0      0   8777  16355      -    423     19
    0     51     47      -      3      0      0      0      0      0  14801   2640      0      0   9647  16355      -     78    165
    0    123     58      -     95     17      0      0      0      0  14801   2550      0      0   9737  16355      -     65    193
    0    177     54      -     86     58      0      0      0      0  14801   2535      0      0   9737  16355      -     72    194
    0    180     55      -     86     57      0      0      0      0  14801   2535      0      0   9737  16355      -     53    137
    0    179     55      -     86     58      0      0      0      0  14801   2535      0      0   9737  16355      -     52    194
    0     97     48      -      0      0      0      0      0      0  14801   2640      0      0   4143  16355      -     44      0
    0     50     48      -      0      0      0      0      0      0  14801   2640      0      0   4373  16355      -      9      0
    0     50     47      -      0      0      0      0      0      0  14801   2632      0      0   4373  16355      -      8      0
    0     51     47      -     13      1      0      0      0      0  14801   2632      0      0   8041  16355      -   3927    338
# gpu    pwr  gtemp  mtemp     sm    mem    enc    dec    jpg    ofa   mclk   pclk  pviol  tviol     fb   bar1   ccpm  rxpci  txpci
# Idx      W      C      C      %      %      %      %      %      %    MHz    MHz      %   bool     MB     MB     MB   MB/s   MB/s
    0     51     47      -      2      0      0      0      0      0  14801   2632      0      0   9399  16355      -     16     98
    0     50     47      -      0      0      0      0      0      0  14801   2632      0      0   9919  16355      -     71     14
    0    108     50      -     41     11      0      0      0      0  14801   2565      0      0   9993  16355      -   1898     24
    0    183     54      -     91     61      0      0      0      0  14801   2527      0      0   9997  16355      -     54    123
    0    156     49      -      0      0      0      0      0      0  14801   2632      0      0   5973  16355      -      8      1
    0     49     47      -      1      0      0      0      0      0  14801   2640      0      0   5207  16355      -     23      1
    0     49     47      -      0      0      0      0      0      0  14801   2632      0      0   4373  16355      -      9      0
    0     49     47      -      4      0      0      0      0      0  14801   2632      0      0   8041  16355      -    928     81
    0     49     47      -      3      0      0      0      0      0  14801   2632      0      0   8041  16355      -    797     93
    0     49     46      -      3      0      0      0      0      0  14801   2632      0      0   8041  16355      -   1033     81
    0     49     46      -      3      0      0      0      0      0  14801   2632      0      0   8041  16355      -    892     81
    0     49     46      -      2      0      0      0      0      0  14801   2632      0      0   8709  16355      -    759     44
    0     38     45      -      5      1      0      0      0      0   7001    945      0      0   9505  16355      -      9      0
    0     60     51      -     32      7      0      0      0      0  14801   2347      0      0   9993  16355      -   1748     26
    0    189     54      -     89     60      0      0      0      0  14801   2535      0      0   9997  16355      -     53    192
    0    183     54      -     88     59      0      0      0      0  14801   2535      0      0   9997  16355      -     77    200
    0    185     54      -     91     62      0      0      0      0  14801   2527      0      0   9997  16355      -     38    195
    0    185     54      -     91     61      0      0      0      0  14801   2527      0      0   9997  16355      -     93    179
    0    187     55      -     92     62      0      0      0      0  14801   2535      0      0   9997  16355      -     40    195
    0    186     55      -     90     60      0      0      0      0  14801   2535      0      0   9997  16355      -     56    194
    0    187     55      -     91     61      0      0      0      0  14801   2535      0      0   9997  16355      -     40    193
    0    187     55      -     90     61      0      0      0      0  14801   2535      0      0   9997  16355      -     70    205
    0    187     55      -     91     62      0      0      0      0  14801   2535      0      0   9997  16355      -     54    150
    0    187     55      -     91     62      0      0      0      0  14801   2535      0      0   9997  16355      -     56    139
    0    103     48      -      0      0      0      0      0      0  14801   2640      0      0   4143  16355      -      9      1
    0     50     48      -      0      0      0      0      0      0  14801   2640      0      0   4373  16355      -     13      0
    0     49     47      -      0      0      0      0      0      0  14801   2632      0      0   4373  16355      -     14      0
    0     50     47      -     61      9      0      0      0      0  14801   2632      0      0  12249  16355      -   3855    355
    0     50     47      -     13      1      0      0      0      0  14801   2632      0      0  12249  16355      -   3663    330
    0     50     47      -      4      0      0      0      0      0  14801   2632      0      0  12249  16355      -    562     58
    0     49     47      -      4      0      0      0      0      0  14801   2632      0      0  12249  16355      -   1328    116
    0     49     46      -     14      2      0      0      0      0  14801   2632      0      0  14983  16355      -    670     26
    0    167     60      -     98     20      0      0      0      0  14801   2557      0      0  14985  16355      -     53      9
    0    236     56      -     95     82      0      0      0      0  14801   2572      0      0  14985  16355      -     53     70
    0    228     57      -     94     82      0      0      0      0  14801   2572      0      0  14985  16355      -     25     84
    0    228     57      -     94     81      0      0      0      0  14801   2565      0      0  14985  16355      -     41     70
    0    228     57      -     92     78      0      0      0      0  14801   2565      0      0  14985  16355      -     63     37
    0    228     57      -     95     82      0      0      0      0  14801   2565      0      0  14985  16355      -     59     78
    0    230     58      -     94     82      0      0      0      0  14801   2565      0      0  14985  16355      -     43     80
    0    229     58      -     94     82      0      0      0      0  14801   2565      0      0  14985  16355      -     43     52
    0    229     58      -     95     82      0      0      0      0  14801   2565      0      0  14985  16355      -     50     53
    0    231     58      -     95     82      0      0      0      0  14801   2565      0      0  14985  16355      -     58     79
    0    230     58      -     94     82      0      0      0      0  14801   2565      0      0  14985  16355      -     39     71
    0    230     59      -     94     82      0      0      0      0  14801   2565      0      0  14986  16355      -     43     82
# gpu    pwr  gtemp  mtemp     sm    mem    enc    dec    jpg    ofa   mclk   pclk  pviol  tviol     fb   bar1   ccpm  rxpci  txpci
# Idx      W      C      C      %      %      %      %      %      %    MHz    MHz      %   bool     MB     MB     MB   MB/s   MB/s
    0    230     59      -     94     80      0      0      0      0  14801   2572      0      0  14986  16355      -     57     77
    0    230     58      -     93     79      0      0      0      0  14801   2565      0      0  14986  16355      -     49     80
    0    232     59      -     94     82      0      0      0      0  14801   2572      0      0  14986  16355      -     42     82
    0    232     59      -     94     82      0      0      0      0  14801   2565      0      0  14986  16355      -     48     53
    0    175     52      -      0      0      0      0      0      0  14801   2647      0      0   4410  16355      -     17      0
    0     51     50      -      4      1      0      0      0      0  14801   2640      0      0   4374  16355      -      8      1
    0     50     49      -      0      0      0      0      0      0  14801   2632      0      0  12250  16355      -   3924    348
    0     52     49      -     13      1      0      0      0      0  14801   2632      0      0  12250  16355      -   3964    343
    0     51     49      -     12      1      0      0      0      0  14801   2632      0      0  14974  16355      -    100     40
    0    125     61      -     98     21      0      0      0      0  14801   2557      0      0  14984  16355      -     45     15
    0    237     58      -     95     82      0      0      0      0  14801   2565      5      0  14985  16355      -     62     78
    0    230     59      -     95     82      0      0      0      0  14801   2565      0      0  14985  16355      -     85     85
    0    230     59      -     95     82      0      0      0      0  14801   2565      0      0  14985  16355      -     38     96
    0    230     59      -     94     82      0      0      0      0  14801   2572      0      0  14985  16355      -     45     52
    0    231     59      -     95     83      0      0      0      0  14801   2565      0      0  14985  16355      -     47     77
    0    232     59      -     95     82      0      0      0      0  14801   2565      0      0  14985  16355      -     29     57
    0    232     59      -     94     82      0      0      0      0  14801   2565      0      0  14985  16355      -     30     80
    0    232     60      -     95     82      0      0      0      0  14801   2565      0      0  14986  16355      -     91    143
    0    232     60      -     95     82      0      0      0      0  14801   2565      0      0  14986  16355      -    140     71
    0    232     60      -     95     83      0      0      0      0  14801   2565      0      0  14986  16355      -     48    176
    0    233     60      -     95     83      0      0      0      0  14801   2565      0      0  14986  16355      -     44    123
    0    232     60      -     95     82      0      0      0      0  14801   2565      0      0  14986  16355      -    135     79
    0    137     52      -      0      0      0      0      0      0  14801   2647      0      0   4410  16355      -      9      0
    0     51     51      -      0      0      0      0      0      0  14801   2640      0      0   4143  16355      -     15      4
    0     40     49      -      0      0      0      0      0      0   7001    465      0      0   4143  16355      -     16      1
    0     33     49      -      0      0      0      0      0      0   7001    300      0      0   4143  16355      -      8      1
    0     65     53      -     79     11      0      0      0      0  14801   2325      0      0   4623  16355      -    156     39
    0    120     52      -     32     12      0      0      0      0  14801   2595      0      0  10351  16355      -   2908    296
    0    116     50      -      0      0      0      0      0      0  14801   2640      0      0   3440  16355      -   1630     64
    0     96     55      -     54      5      0      0      0      0  14801   2625      0      0   4368  16355      -     22      3
    0    170     57      -     71      7      0      0      0      0  14801   2625      0      0   4912  16355      -     26      6
    0    191     62      -    100     12      0      0      0      0  14801   2625      4      0   8336  16355      -     21      6
    0    189     53      -      1      0      0      0      0      0  14801   2640      2      0   9776  16355      -     23      7
    0    212     62      -    100     14      0      0      0      0  14801   2610      8      0  11312  16355      -     19      7
    0    219     61      -    100     16      0      0      0      0  14801   2617     11      0  11600  16355      -     13    122
    0    213     57      -     58      7      0      0      0      0  14801   2625     14      0  11856  16355      -     13      4
    0    152     53      -     16      2      0      0      0      0  14801   2640     10      0  12368  16355      -     10      5
    0    174     52      -      0      0      0      0      0      0  14801   2647     19      0  12816  16355      -     28    330
    0    151     61      -    100     15      0      0      0      0  14801   2625     13      0  13264  16355      -     54     11
    0    187     60      -    100     16      0      0      0      0  14801   2617     11      0  13808  16355      -     18      3
    0    183     61      -    100     14      0      0      0      0  14801   2632     19      0  13680  16355      -    561      5
    0    172     61      -    100     16      0      0      0      0  14801   2632     27      0  13520  16355      -     31      1
    0    147     62      -    100      9      0      0      0      0  14801   2632      6      0  14480  16355      -     19      6
    0    183     56      -     22      6      0      0      0      0  14801   2617     16      0  14480  16355      -     28      5
# gpu    pwr  gtemp  mtemp     sm    mem    enc    dec    jpg    ofa   mclk   pclk  pviol  tviol     fb   bar1   ccpm  rxpci  txpci
# Idx      W      C      C      %      %      %      %      %      %    MHz    MHz      %   bool     MB     MB     MB   MB/s   MB/s
    0    155     62      -     89      9      0      0      0      0  14801   2632      5      0  13456  16355      -     27     10
    0    201     61      -     90     13      0      0      0      0  14801   2617     16      0  13456  16355      -      1    673
    0    152     58      -     46      5      0      0      0      0  14801   2640      7      0  13328  16355      -      1      3
    0    171     62      -    100     10      0      0      0      0  14801   2617      7      0  13328  16355      -     13      5
    0    173     53      -     12      2      0      0      0      0  14801   2625      8      0  13328  16355      -     21      5
    0    168     62      -     96      9      0      0      0      0  14801   2632     11      0  13328  16355      -     13      9
    0    185     55      -     40      6      0      0      0      0  14801   2625     20      0  13328  16355      -     12      9
    0    159     62      -    100      9      0      0      0      0  14801   2640     22      0  13328  16355      -   5145      6
    0    181     62      -     74      8      0      0      0      0  14801   2617      9      0  13328  16355      -     10     22
    0    176     62      -     76     10      0      0      0      0  14801   2617     12      0  13328  16355      -     18    110
    0    134     51      -      1      0      0      0      0      0  14801   2640     13      0   1296  16355      -      9      0
    0     51     50      -      0      0      0      0      0      0  14801   2640      0      0   1296  16355      -      9      0
    0     38     49      -      0      0      0      0      0      0   7001    645      0      0   1296  16355      -      8      0
    0     34     48      -      0      0      0      0      0      0   7001    442      0      0   2528  16355      -      9      2
    0     57     50      -     32      9      0      0      0      0   7001   1402      0      0   6456  16355      -      8      0
    0     62     49      -     15      1      0      0      0      0  14801   2640      0      0  12532  16355      -     71     21
    0    195     62      -    100     12      0      0      0      0  14801   2587     61      0  12688  16355      -      4      2
    0     50     49      -      0      0      0      0      0      0  14801   2640     30      0  12654  16355      -     51      0
    0    169     66      -    100      1      0      0      0      0  14801   2617     56      0  12953  16355      -     20      5
    0    218     67      -    100      1      0      0      0      0  14801   2617     81      0  13191  16355      -     56      4
    0    253     62      -    100     38      0      0      0      0  14801   2437    100      0  13383  16355      -     83     29
    0    249     58      -     87     53      0      0      0      0  14801   2227     99      0  13341  16355      -     32   1069
    0    201     63      -    100     32      0      0      0      0  14801   2542     73      0  13583  16355      -     36     20
    0    253     62      -    100     70      0      0      0      0  14801   2287    100      0  13596  16355      -    143     29
    0    252     61      -     99     82      0      0      0      0  14801   2287     99      0  13691  16355      -     61     46
    0    219     53      -      0      0      0      0      0      0  14801   2535     93      0  13884  16355      -     29     11
    0    225     60      -    100     71      0      0      0      0  14801   2287     75      0  13853  16355      -     32     12
    0    253     62      -     99     93      0      0      0      0  14801   2302     99      0  14014  16355      -     31     10
    0    250     63      -    100     35      0      0      0      0  14801   2370    100      0  14142  16355      -     43   1173
    0    252     61      -    100     66      0      0      0      0  14801   2190     99      0  14301  16355      -     23      5
    0    213     61      -     99     47      0      0      0      0  14801   2505     79      0  14621  16355      -     55      5
    0    231     64      -    100     39      0      0      0      0  14801   2520     85      0  14742  16355      -     37      7
    0    253     63      -    100     67      0      0      0      0  14801   2197    100      0  14902  16355      -     17      7
    0    217     64      -    100     63      0      0      0      0  14801   2340     79      0  15030  16355      -      9      1
    0    131     68      -    100      1      0      0      0      0  14801   2617     42      0  14965  16355      -     55     23
    0    179     52      -      0      0      0      0      0      0  14801   2647     64      0  15077  16355      -    490      3
    0     64     57      -     81     63      0      0      0      0  14801   2632      1      0  15019  16355      -     88     22
    0    215     53      -      1      0      0      0      0      0  14801   2602     68      0  15149  16355      -      4      3
    0     79     63      -    100     61      0      0      0      0  14801   2617      9      0  15309  16355      -     32     17
    0    168     68      -    100      1      0      0      0      0  14801   2610    100      0  15437  16355      -     33     21
    0    258     68      -    100      1      0      0      0      0  14801   2445     99      0  15437  16355      -    152    132
    0    123     51      -      3      0      0      0      0      0  14801   2647     43      0  15435  16355      -     16      3
    0    195     63      -    100     65      0      0      0      0  14801   2407     68      0  15431  16355      -     58     13
    0    233     62      -    100     70      0      0      0      0  14801   2347     88      0  15415  16355      -    105     34
# gpu    pwr  gtemp  mtemp     sm    mem    enc    dec    jpg    ofa   mclk   pclk  pviol  tviol     fb   bar1   ccpm  rxpci  txpci
# Idx      W      C      C      %      %      %      %      %      %    MHz    MHz      %   bool     MB     MB     MB   MB/s   MB/s
    0    233     61      -    100     72      0      0      0      0  14801   2377     89      0  15415  16355      -     21      2
    0    146     68      -    100      1      0      0      0      0  14801   2617     51      0  15431  16355      -     38     31
    0    158     52      -      1      0      0      0      0      0  14801   2647     63      0  15429  16355      -     33     20
    0    189     63      -    100     42      0      0      0      0  14801   2460     66      0  15424  16355      -  14954     14
    0    195     69      -    100      1      0      0      0      0  14801   2610     71      0  15424  16355      -     12      1
    0    214     63      -    100     73      0      0      0      0  14801   2265    100      0  15424  16355      -     17      1
    0    117     68      -    100      1      0      0      0      0  14801   2610     37      0  15424  16355      -   2523     11
    0    183     52      -      0      0      0      0      0      0  14801   2647     70      0  15424  16355      -     10      1
    0    124     68      -    100      1      0      0      0      0  14801   2610     33      0  15424  16355      -     29     15
    0    165     51      -      0      0      0      0      0      0  14801   2647     60      0  15424  16355      -     11      1
    0    167     68      -    100      1      0      0      0      0  14801   2610     49      0  15424  16355      -     40      1
    0    134     51      -     11      7      0      0      0      0  14801   2640     44      0  15424  16355      -     42     11
    0    218     53      -      0      0      0      0      0      0  14801   2490     93      0  15431  16355      -     60     12
    0    235     63      -     99     72      0      0      0      0  14801   2257     81      0  15401  16355      -     29     22
    0    233     54      -      0      0      0      0      0      0  14801   2422     96      0  15401  16355      -     24     11
    0    220     63      -    100     72      0      0      0      0  14801   2287     75      0  15401  16355      -     19     10
    0    234     54      -      0      0      0      0      0      0  14801   2482    100      0  15401  16355      -      5      1
    0    123     68      -    100      1      0      0      0      0  14801   2617     28      0  15704  16355      -   3648   1037
    0    160     52      -      0      0      0      0      0      0  14801   2647     65      0  15771  16355      -     62      5
    0    219     61      -    100     74      0      0      0      0  14801   2452     75      0  15518  16355      -     33      1
    0     87     51      -      0      0      0      0      0      0  14801   2640     20      0  15191  16355      -     70     24
    0    233     60      -    100     71      0      0      0      0  14801   2280     75      0  15183  16355      -     35     14
    0    237     59      -     87     63      0      0      0      0  14801   2302     91      0  15210  16355      -     10      0
    0    122     68      -    100      1      0      0      0      0  14801   2610     34      0  15210  16355      -     23     21
    0    260     68      -    100      1      0      0      0      0  14801   2445     99      0  15206  16355      -     20      2
    0    184     66      -    100     41      0      0      0      0  14801   2617     72      0  15206  16355      -     37     24
    0    261     68      -    100      1      0      0      0      0  14801   2497     99      0  15202  16355      -     30     27
    0    251     61      -     99     73      0      0      0      0  14801   2287    100      0  15151  16355      -     33     12
    0    232     58      -     40     23      0      0      0      0  14801   2467     94      0  15151  16355      -     43     11
    0    241     61      -     75     56      0      0      0      0  14801   2520     93      0  15458  16355      -     28     11
    0    244     67      -    100     70      0      0      0      0  14801   2565     99      0  15458  16355      -     38     11
    0    256     70      -    100      1      0      0      0      0  14801   2617     99      0  15458  16355      -     32     13
    0    257     69      -    100      1      0      0      0      0  14801   2430     99      0  15135  16355      -     17      5
    0    252     69      -    100      1      0      0      0      0  14801   2460    100      0  15118  16355      -     36     12
    0    251     66      -    100     12      0      0      0      0  14801   2392    100      0  15118  16355      -     32     23
    0    251     64      -    100     69      0      0      0      0  14801   2265     99      0  15118  16355      -     32     11
    0    251     64      -     99     75      0      0      0      0  14801   2250     99      0  15116  16355      -     29     15
    0    251     70      -    100      1      0      0      0      0  14801   2400    100      0  15116  16355      -     30     15
    0    251     66      -    100     48      0      0      0      0  14801   2310    100      0  15116  16355      -     17      4
    0    252     65      -    100     63      0      0      0      0  14801   2152    100      0  15106  16355      -     33     11
    0    251     66      -    100     80      0      0      0      0  14801   2310    100      0  15106  16355      -     32     15
    0    253     70      -    100      1      0      0      0      0  14801   2422     99      0  15111  16355      -     31      4
    0    231     68      -    100     23      0      0      0      0  14801   2595     66      0  15488  16355      -    995    119
    0    234     67      -    100     76      0      0      0      0  14801   2490     55      0  15471  16355      -    921    125
# gpu    pwr  gtemp  mtemp     sm    mem    enc    dec    jpg    ofa   mclk   pclk  pviol  tviol     fb   bar1   ccpm  rxpci  txpci
# Idx      W      C      C      %      %      %      %      %      %    MHz    MHz      %   bool     MB     MB     MB   MB/s   MB/s
    0    256     70      -    100     17      0      0      0      0  14801   2557     82      0  15468  16355      -    117     14
    0    228     59      -     99     68      0      0      0      0  14801   2475     55      0  15554  16355      -     29     16
    0    245     63      -     99     66      0      0      0      0  14801   2272     61      0  15546  16355      -     33     11
    0    252     70      -    100      1      0      0      0      0  14801   2400    100      0  15317  16355      -   1040    176
    0    246     71      -    100      1      0      0      0      0  14801   2520     82      0  15350  16355      -    983    159
    0    233     70      -    100      9      0      0      0      0  14801   2595     74      0  15352  16355      -     19     11
    0    261     68      -    100      5      0      0      0      0  14801   2400    100      0  15352  16355      -     53      4
    0    230     68      -    100     20      0      0      0      0  14801   2595     77      0  15365  16355      -    112    147
    0    229     71      -    100      1      0      0      0      0  14801   2617     67      0  15327  16355      -     32     18
    0    254     72      -    100      1      0      0      0      0  14801   2617     94      0  15305  16355      -     18     34
    0    229     60      -     99     53      0      0      0      0  14801   2580     82      0  15364  16355      -   1001    146
    0    208     64      -    100     72      0      0      0      0  14801   2437     16      0  15374  16355      -     33     12
    0    234     65      -    100     22      0      0      0      0  14801   2460     65      0  15370  16355      -     33     19
    0    252     70      -    100      1      0      0      0      0  14801   2415    100      0  15124  16355      -     28     11
    0    252     70      -    100      1      0      0      0      0  14801   2430     99      0  15305  16355      -     27      8
    0    224     61      -     99     50      0      0      0      0  14801   2595     67      0  15302  16355      -    234    185
    0    259     71      -    100      1      0      0      0      0  14801   2557     88      0  15314  16355      -     24      8
    0    252     70      -    100      1      0      0      0      0  14801   2385    100      0  14980  16355      -     13     16
    0    252     71      -    100      1      0      0      0      0  14801   2377    100      0  14927  16355      -    177   1847
    0    251     71      -    100      1      0      0      0      0  14801   2377     99      0  14925  16355      -     34     12
    0    250     65      -    100     23      0      0      0      0  14801   2347    100      0  14925  16355      -     32     15
    0    251     65      -    100     70      0      0      0      0  14801   2272     99      0  14924  16355      -     28     12
    0    252     66      -    100     71      0      0      0      0  14801   2220     97      0  14924  16355      -     34     11
    0    252     71      -    100      1      0      0      0      0  14801   2377    100      0  14924  16355      -     71      5
    0    252     71      -    100      1      0      0      0      0  14801   2385     99      0  14924  16355      -     67      6
    0    250     65      -    100     45      0      0      0      0  14801   2325    100      0  14924  16355      -     13      4
    0    241     60      -     99     67      0      0      0      0  14801   2452     91      0  15336  16355      -    338    135
    0    251     64      -    100     63      0      0      0      0  14801   2362     79      0  15348  16355      -     33     11
    0    250     64      -    100     71      0      0      0      0  14801   2220    100      0  14929  16355      -     37     11
    0    243     61      -     59     42      0      0      0      0  14801   2310     99      0  14929  16355      -     24     11
    0    252     68      -    100     73      0      0      0      0  14801   2392     99      0  14929  16355      -     42     23
    0    251     70      -    100      4      0      0      0      0  14801   2602     99      0  15328  16355      -     44     47
    0    248     72      -    100      1      0      0      0      0  14801   2377     94      0  15344  16355      -     15     66
    0    251     64      -     99     64      0      0      0      0  14801   2167    100      0  14936  16355      -     34     13
    0    252     69      -    100     65      0      0      0      0  14801   2295    100      0  14932  16355      -     33     11
    0    252     71      -    100      1      0      0      0      0  14801   2452     99      0  14922  16355      -     36     12
    0    251     71      -    100      1      0      0      0      0  14801   2437    100      0  14907  16355      -     63     64
    0    252     71      -    100      1      0      0      0      0  14801   2400     99      0  14904  16355      -     36     11
    0    252     71      -    100      1      0      0      0      0  14801   2400     99      0  14900  16355      -     19      5
    0    251     69      -    100      5      0      0      0      0  14801   2385     99      0  14900  16355      -     24     13
    0    251     67      -     99     62      0      0      0      0  14801   2287    100      0  14899  16355      -     32     15
    0    251     64      -     99     67      0      0      0      0  14801   2160     99      0  14869  16355      -     32     11
    0    251     72      -    100      1      0      0      0      0  14801   2385    100      0  14865  16355      -     38      6
    0    251     65      -    100     57      0      0      0      0  14801   2227    100      0  14865  16355      -     12     17
# gpu    pwr  gtemp  mtemp     sm    mem    enc    dec    jpg    ofa   mclk   pclk  pviol  tviol     fb   bar1   ccpm  rxpci  txpci
# Idx      W      C      C      %      %      %      %      %      %    MHz    MHz      %   bool     MB     MB     MB   MB/s   MB/s
    0    251     66      -     99     72      0      0      0      0  14801   2167     99      0  14866  16355      -     41     30
    0    251     70      -    100     50      0      0      0      0  14801   2317    100      0  14866  16355      -     71     18
    0    252     71      -    100      1      0      0      0      0  14801   2385     99      0  14862  16355      -     28     11
    0    252     72      -    100      1      0      0      0      0  14801   2400     99      0  14862  16355      -     13     17
    0    252     72      -    100      1      0      0      0      0  14801   2385    100      0  14862  16355      -     25      4
    0    252     72      -    100      1      0      0      0      0  14801   2377    100      0  14862  16355      -     23     12
    0    250     65      -    100     72      0      0      0      0  14801   2302    100      0  14863  16355      -     30     11
    0    246     65      -    100     68      0      0      0      0  14801   2332     98      0  15273  16355      -     28     12
    0    252     71      -    100      1      0      0      0      0  14801   2385    100      0  14888  16355      -     32     12
    0    251     71      -    100      1      0      0      0      0  14801   2430    100      0  15306  16355      -     59     10
    0    252     72      -    100      2      0      0      0      0  14801   2392    100      0  14941  16355      -     10     26
    0    250     66      -     99     54      0      0      0      0  14801   2332    100      0  15317  16355      -     27     29
    0    250     67      -    100     70      0      0      0      0  14801   2295     97      0  15299  16355      -     35     33
    0    251     67      -    100     73      0      0      0      0  14801   2370     98      0  15295  16355      -    210     43
    0    252     66      -     99     74      0      0      0      0  14801   2250    100      0  14935  16355      -     29     17
    0    253     66      -    100     93      0      0      0      0  14801   2415     99      0  14935  16355      -    306     51
    0    295     76      -    100      1      0      0      0      0  14801   2730     49      0  14935  16355      -    103    112
    0    320     78      -    100      1      0      0      0      0  14801   2715      7      0  14864  16355      -     28     13
    0    319     77      -    100      2      0      0      0      0  14801   2722      8      0  14864  16355      -     31     11
    0    309     78      -    100      2      0      0      0      0  14801   2715     13      0  14864  16355      -     43     22
    0    319     71      -    100     22      0      0      0      0  14801   2715     11      0  14864  16355      -     18      4
    0    314     69      -     98     80      0      0      0      0  14801   2692     37      0  14864  16355      -     28     12
    0    313     77      -    100      2      0      0      0      0  14801   2715     17      0  14864  16355      -     32     11
    0    320     78      -    100      1      0      0      0      0  14801   2715      3      0  14864  16355      -     17     28
    0    320     78      -    100      2      0      0      0      0  14801   2715     14      0  14864  16355      -     29     15
    0    314     71      -    100     81      0      0      0      0  14801   2700      9      0  14864  16355      -     33     11
    0    301     73      -    100     72      0      0      0      0  14801   2707     11      0  14864  16355      -     72     23
    0    315     78      -    100      1      0      0      0      0  14801   2715      3      0  14864  16355      -     13     17
    0    308     77      -    100     17      0      0      0      0  14801   2722     10      0  15286  16355      -     29     15
    0    307     79      -    100      1      0      0      0      0  14801   2722     13      0  15286  16355      -     35     11
    0    318     78      -    100      1      0      0      0      0  14801   2715     27      0  14925  16355      -  10379      6
    0    316     70      -     99     84      0      0      0      0  14801   2647     26      0  14925  16355      -     28     18
    0    310     78      -    100      1      0      0      0      0  14801   2715      1      0  14925  16355      -     35     11
    0    320     79      -    100      1      0      0      0      0  14801   2715     12      0  14925  16355      -   2608      5
    0    317     74      -    100     40      0      0      0      0  14801   2707      7      0  14925  16355      -     29     12
    0    312     70      -     99     87      0      0      0      0  14801   2655     16      0  14925  16355      -    276     63
    0    316     79      -    100      1      0      0      0      0  14801   2722     52      0  14925  16355      -     46    352
    0    322     79      -    100      1      0      0      0      0  14801   2715     54      0  14865  16355      -     28     12
    0    321     79      -    100      2      0      0      0      0  14801   2715     98      0  14865  16355      -     23     12
    0    320     75      -    100      7      0      0      0      0  14801   2662     58      0  14865  16355      -     62    717
    0    308     70      -     99     79      0      0      0      0  14801   2625     59      0  14865  16355      -     33     14
    0    317     78      -    100      2      0      0      0      0  14801   2722     59      0  14865  16355      -     32     12
    0    324     79      -    100      2      0      0      0      0  14801   2715     52      0  14865  16355      -     13      5
    0    320     73      -    100     75      0      0      0      0  14801   2602     34      0  14865  16355      -     30     11
# gpu    pwr  gtemp  mtemp     sm    mem    enc    dec    jpg    ofa   mclk   pclk  pviol  tviol     fb   bar1   ccpm  rxpci  txpci
# Idx      W      C      C      %      %      %      %      %      %    MHz    MHz      %   bool     MB     MB     MB   MB/s   MB/s
    0    310     76      -    100     42      0      0      0      0  14801   2655     33      0  14865  16355      -     39     18
    0    316     78      -    100      2      0      0      0      0  14801   2715     21      0  14865  16355      -     24      4
    0    320     79      -    100      2      0      0      0      0  14801   2715     22      0  14865  16355      -     28     12
    0    312     72      -    100     75      0      0      0      0  14801   2572      7      0  14865  16355      -     32     12
    0    316     73      -    100     19      0      0      0      0  14801   2707     23      0  14865  16355      -     36     32
    0    313     70      -     99     81      0      0      0      0  14801   2647     21      0  14865  16355      -     33     12
    0    313     78      -    100      6      0      0      0      0  14801   2715     16      0  14865  16355      -     27     13
    0    315     79      -    100      1      0      0      0      0  14801   2715     25      0  14865  16355      -     37     39
    0    317     79      -    100      1      0      0      0      0  14801   2685     40      1  14865  16355      -     16     14
    0    316     73      -    100     81      0      0      0      0  14801   2572     61      0  14865  16355      -     32     11
    0    313     73      -    100     84      0      0      0      0  14801   2707     45      0  14865  16355      -     29     53
    0    320     79      -    100      1      0      0      0      0  14801   2722     51      0  14865  16355      -    244      9
    0    325     79      -    100      1      0      0      0      0  14801   2715     63      0  14865  16355      -     33     13
    0    308     75      -    100     11      0      0      0      0  14801   2692     62      0  14865  16355      -     28     12
    0    323     79      -    100      2      0      0      0      0  14801   2715     83      0  14865  16355      -     55     21
    0    318     69      -    100     57      0      0      0      0  14801   2617     65      0  14865  16355      -     18      4
    0    313     69      -     99     86      0      0      0      0  14801   2595     47      0  14865  16355      -     33     16
    0    319     78      -    100      1      0      0      0      0  14801   2730     55      0  14865  16355      -     25     13
    0    312     78      -    100      2      0      0      0      0  14801   2715     61      0  14865  16355      -     32      6
    0    322     79      -    100      2      0      0      0      0  14801   2715     40      0  14865  16355      -     33     12
    0    317     71      -    100     78      0      0      0      0  14801   2655     37      0  14865  16355      -     32     12
    0    313     75      -    100     61      0      0      0      0  14801   2700     32      0  14865  16355      -     30     26
    0    318     78      -    100      2      0      0      0      0  14801   2722     29      0  15276  16355      -    360     41
    0    316     78      -    100      2      0      0      0      0  14801   2715     26      0  15222  16355      -     34     12
    0    321     79      -    100      1      0      0      0      0  14801   2715     66      0  14862  16355      -     34     12
    0    322     76      -    100      5      0      0      0      0  14801   2692     30      0  14862  16355      -  10932      5
    0    315     70      -     99     87      0      0      0      0  14801   2692     16      0  14862  16355      -     27     12
    0    318     78      -    100      1      0      0      0      0  14801   2715     11      0  14862  16355      -     39     19
    0    322     79      -    100      1      0      0      0      0  14801   2715     10      0  14862  16355      -   9525   1018
    0    317     71      -    100     43      0      0      0      0  14801   2662      5      0  14862  16355      -     29     12
    0    302     67      -     54     44      0      0      0      0  14801   2677      3      0  14862  16355      -     32     13
    0    315     77      -    100      1      0      0      0      0  14801   2730      8      0  14813  16355      -    390     11
    0    321     79      -    100      1      0      0      0      0  14801   2715     10      0  14813  16355      -     25     17
    0    317     73      -    100     50      0      0      0      0  14801   2632     16      0  14804  16355      -     33     12
    0    317     73      -    100     14      0      0      0      0  14801   2655     34      0  14804  16355      -    250   1223
    0    308     70      -     99     87      0      0      0      0  14801   2520     35      0  14804  16355      -     34     13
    0    312     79      -    100      1      0      0      0      0  14801   2722     28      0  14804  16355      -     13      4
    0    320     79      -    100      2      0      0      0      0  14801   2715     31      0  14804  16355      -    652      5
    0    315     73      -    100     75      0      0      0      0  14801   2550     37      0  14804  16355      -     29     13
    0    308     77      -    100     25      0      0      0      0  14801   2677     26      0  14804  16355      -     32     11
    0    313     79      -    100      1      0      0      0      0  14801   2715     17      0  14804  16355      -     14      3
    0    314     79      -    100      2      0      0      0      0  14801   2715     11      0  14804  16355      -     34     12
    0    310     70      -    100     80      0      0      0      0  14801   2640      9      0  14804  16355      -     28     12
    0    308     69      -    100     93      0      0      0      0  14801   2677     13      0  14813  16355      -     20      5
# gpu    pwr  gtemp  mtemp     sm    mem    enc    dec    jpg    ofa   mclk   pclk  pviol  tviol     fb   bar1   ccpm  rxpci  txpci
# Idx      W      C      C      %      %      %      %      %      %    MHz    MHz      %   bool     MB     MB     MB   MB/s   MB/s
    0    309     73      -    100     82      0      0      0      0  14801   2692     11      0  14843  16355      -    113     82
    0    304     68      -    100     88      0      0      0      0  14801   2722      9      0  14841  16355      -     84     42
    0    314     79      -    100      1      0      0      0      0  14801   2715     10      0  14841  16355      -     27     15
    0    312     80      -    100      1      0      0      0      0  14801   2700     15      1  14936  16355      -     51     16
    0    314     77      -    100      6      0      0      0      0  14801   2670     56      1  14933  16355      -     34     13
    0    317     71      -    100     79      0      0      0      0  14801   2685     55      1  14879  16355      -     32     16
    0    313     77      -    100     54      0      0      0      0  14801   2707     51      0  14847  16355      -     28     11
    0    313     79      -    100      1      0      0      0      0  14801   2730     61      0  14841  16355      -    102    145
    0    323     80      -    100      1      0      0      0      0  14801   2715     57      0  14822  16355      -     39     13
    0    317     72      -    100     17      0      0      0      0  14801   2655     54      0  14825  16355      -     33     13
    0    325     79      -    100      1      0      0      0      0  14801   2715     79      1  14823  16355      -     31     16
    0    314     71      -    100     31      0      0      0      0  14801   2610     55      0  14823  16355      -    130   1828
    0    307     66      -     80     63      0      0      0      0  14801   2640     51      0  14823  16355      -     33     35
    0    309     75      -    100     58      0      0      0      0  14801   2700     50      0  14823  16355      -     70     13
    0    322     79      -    100      2      0      0      0      0  14801   2722     61      0  14823  16355      -     24      7
    0    323     78      -    100      2      0      0      0      0  14801   2715     39      0  14823  16355      -     17      4
    0    319     70      -     99     62      0      0      0      0  14801   2692     26      0  14823  16355      -     60     11
    0    311     69      -     99     84      0      0      0      0  14801   2700     17      0  15263  16355      -     64     18
    0    290     68      -    100     66      0      0      0      0  14801   2737      1      0  15242  16355      -     31     17
    0    287     68      -    100     62      0      0      0      0  14801   2737     40      0  14883  16355      -    136     24
    0    289     68      -    100     68      0      0      0      0  14801   2745     74      0  14842  16355      -     22      7
    0    298     77      -    100      2      0      0      0      0  14801   2715     42      0  14839  16355      -     36     21
    0    299     70      -    100     71      0      0      0      0  14801   2662     38      0  14836  16355      -     18    100
    0    293     67      -    100     66      0      0      0      0  14801   2700     31      0  14831  16355      -     22     18
    0    284     67      -    100     68      0      0      0      0  14801   2730     26      0  14835  16355      -     38     16
    0    290     76      -    100      2      0      0      0      0  14801   2715     41      0  14804  16355      -     32     29
    0    309     72      -    100     61      0      0      0      0  14801   2670     51      0  14803  16355      -     88     28
    0    285     65      -     99     64      0      0      0      0  14801   2715     38      0  15217  16355      -    203     35
    0    285     67      -    100     68      0      0      0      0  14801   2737     33      0  15217  16355      -    306    925
    0    294     77      -    100      2      0      0      0      0  14801   2715     41      0  14824  16355      -     23     91
    0    296     75      -    100      4      0      0      0      0  14801   2722     64      0  14825  16355      -     18      8
    0    307     74      -     99     71      0      0      0      0  14801   2655     48      0  15248  16355      -    583    118
    0    289     69      -    100     66      0      0      0      0  14801   2692     39      0  15228  16355      -     86     45